username,date,first_topic,first_topic_name,first_topic_prob,sentiment,sentiment_prob,all_sentiments,emotion,emotion_prob,all_emotions,hate,hate_prob,all_hate,offensive,offensive_prob,all_offensive,second_topic,second_topic_name,second_topic_prob,text,lemmatized_text,per_word_topics,per_word_topics_name
RonDeSantis,2023-09-07 19:16:01+00:00,2,War,0.57036406,negative,0.5848419666290283,"{'negative': 0.5848419666290283, 'neutral': 0.36269697546958923, 'positive': 0.05246110260486603}",anger,0.6973910331726074,"{'anger': 0.6973910331726074, 'disgust': 0.2732829451560974, 'fear': 0.015901852399110794, 'optimism': 0.004322123248130083, 'anticipation': 0.002584436209872365, 'pessimism': 0.002114076865836978, 'sadness': 0.0021035517565906048, 'trust': 0.0009536019060760736, 'surprise': 0.0005426376010291278, 'joy': 0.0005213321419432759, 'love': 0.00028238369850441813}",not-hate,0.9932449460029602,"{'not-hate': 0.9932449460029602, 'hate': 0.006755063310265541}",non-offensive,0.614719033241272,"{'non-offensive': 0.614719033241272, 'offensive': 0.3852809965610504}",1.0,American/economics/health,0.39381135,"In Florida, we did not — and will not — allow the dystopian visions of paranoid hypochondriacs to control our economy or health policies. As your President, I will never let Deep State bureaucrats impose a destructive biomedical agenda on our people. https://t.co/5mzhdlVue8",florida allow dystopian vision paranoid hypochondriac control economy health policy president let deep state bureaucrat impose destructive biomedical agenda people,"[('state', [2, 1]), ('destructive', [2]), ('let', [2, 1]), ('people', [2, 1]), ('control', [2, 1]), ('president', [1, 2]), ('health', [1]), ('florida', [1]), ('allow', [2, 1]), ('policy', [1, 2]), ('deep', [2]), ('economy', [1, 2]), ('vision', [1]), ('agenda', [1, 2]), ('paranoid', [2]), ('bureaucrat', [2, 1]), ('impose', [2, 1]), ('dystopian', [2]), ('biomedical', [2]), ('hypochondriac', [2])]","[('state', ['War', 'American/economics/health']), ('destructive', ['War']), ('let', ['War', 'American/economics/health']), ('people', ['War', 'American/economics/health']), ('control', ['War', 'American/economics/health']), ('president', ['American/economics/health', 'War']), ('health', ['American/economics/health']), ('florida', ['American/economics/health']), ('allow', ['War', 'American/economics/health']), ('policy', ['American/economics/health', 'War']), ('deep', ['War']), ('economy', ['American/economics/health', 'War']), ('vision', ['American/economics/health']), ('agenda', ['American/economics/health', 'War']), ('paranoid', ['War']), ('bureaucrat', ['War', 'American/economics/health']), ('impose', ['War', 'American/economics/health']), ('dystopian', ['War']), ('biomedical', ['War']), ('hypochondriac', ['War'])]"
RonDeSantis,2023-09-21 17:10:53+00:00,2,War,0.4929971,negative,0.7468582987785339,"{'negative': 0.7468582987785339, 'neutral': 0.2274145632982254, 'positive': 0.02572721429169178}",anger,0.7542768120765686,"{'anger': 0.7542768120765686, 'disgust': 0.21726812422275543, 'optimism': 0.009310584515333176, 'sadness': 0.005479486659169197, 'pessimism': 0.004826095886528492, 'anticipation': 0.004553551785647869, 'trust': 0.0012380151310935616, 'fear': 0.001117410254664719, 'joy': 0.0011062778066843748, 'surprise': 0.0005396794877015054, 'love': 0.00028394200489856303}",not-hate,0.988511323928833,"{'not-hate': 0.988511323928833, 'hate': 0.01148869190365076}",non-offensive,0.8132372498512268,"{'non-offensive': 0.8132372498512268, 'offensive': 0.1867627501487732}",1.0,American/economics/health,0.44920003,"For decades, the DC Establishment has put the interests of themselves and their donors above the American people. I will end business as usual in DC. That doesn’t sit well with many DC politicians — and that’s fine with me. https://t.co/fQ57UWyxCS",decade  establishment interest donor american people end business usual  sit  politician fine,"[('decade', [1, 2]), ('american', [1, 2]), ('interest', [1, 2]), ('people', [2, 1]), ('politician', [2, 1]), ('end', [1, 2]), ('business', [1, 2]), ('fine', [2]), ('donor', [1, 2]), ('sit', [1, 2]), ('usual', [2]), ('establishment', [2])]","[('decade', ['American/economics/health', 'War']), ('american', ['American/economics/health', 'War']), ('interest', ['American/economics/health', 'War']), ('people', ['War', 'American/economics/health']), ('politician', ['War', 'American/economics/health']), ('end', ['American/economics/health', 'War']), ('business', ['American/economics/health', 'War']), ('fine', ['War']), ('donor', ['American/economics/health', 'War']), ('sit', ['American/economics/health', 'War']), ('usual', ['War']), ('establishment', ['War'])]"
RonDeSantis,2023-09-06 18:18:38+00:00,2,War,0.552992,negative,0.7316333055496216,"{'negative': 0.7316333055496216, 'neutral': 0.23547856509685516, 'positive': 0.03288813307881355}",anger,0.7090082764625549,"{'anger': 0.7090082764625549, 'disgust': 0.261687308549881, 'fear': 0.011425409466028214, 'optimism': 0.005192386917769909, 'sadness': 0.0037886996287852526, 'pessimism': 0.003774745622649789, 'anticipation': 0.00320658041164279, 'trust': 0.0008833369356580079, 'surprise': 0.000540544162504375, 'joy': 0.0003312025510240346, 'love': 0.0001614851935300976}",not-hate,0.996439516544342,"{'not-hate': 0.996439516544342, 'hate': 0.0035604701843112707}",non-offensive,0.660329282283783,"{'non-offensive': 0.660329282283783, 'offensive': 0.33967074751853943}",1.0,American/economics/health,0.23472643,"As Biden's biomedical state is chomping at the bit to bring back COVID authoritarianism, we will continue to hold the line. As your President, I will usher in a reckoning for those who devised the failed and destructive biomedical policies that caused damage throughout our country, because until there is accountability they will try to do it again.",biden  biomedical state chomping bit bring covid authoritarianism continue hold line president usher reckoning devised failed destructive biomedical policy caused damage country accountability try,"[('biden', [2, 1]), ('state', [2, 7]), ('caused', [1, 2]), ('destructive', [2]), ('president', [2, 1]), ('damage', [2, 1]), ('country', [2, 1]), ('try', [2, 7]), ('failed', [1, 2]), ('bit', [2]), ('bring', [1, 2]), ('continue', [1, 7]), ('accountability', [2, 1]), ('policy', [2, 1]), ('hold', [1, 7]), ('line', [2, 1]), ('covid', [1, 2]), ('authoritarianism', [2]), ('usher', [7]), ('biomedical', [2]), ('reckoning', [3]), ('chomping', [7]), ('devised', [2])]","[('biden', ['War', 'American/economics/health']), ('state', ['War', 'Abortion/rights/guns']), ('caused', ['American/economics/health', 'War']), ('destructive', ['War']), ('president', ['War', 'American/economics/health']), ('damage', ['War', 'American/economics/health']), ('country', ['War', 'American/economics/health']), ('try', ['War', 'Abortion/rights/guns']), ('failed', ['American/economics/health', 'War']), ('bit', ['War']), ('bring', ['American/economics/health', 'War']), ('continue', ['American/economics/health', 'Abortion/rights/guns']), ('accountability', ['War', 'American/economics/health']), ('policy', ['War', 'American/economics/health']), ('hold', ['American/economics/health', 'Abortion/rights/guns']), ('line', ['War', 'American/economics/health']), ('covid', ['American/economics/health', 'War']), ('authoritarianism', ['War']), ('usher', ['Abortion/rights/guns']), ('biomedical', ['War']), ('reckoning', ['News/radio/livestream']), ('chomping', ['Abortion/rights/guns']), ('devised', ['War'])]"
RonDeSantis,2023-08-24 03:59:31+00:00,2,War,0.4916744,negative,0.9400964975357056,"{'negative': 0.9400964975357056, 'neutral': 0.05284770950675011, 'positive': 0.007055791560560465}",anger,0.6340836882591248,"{'anger': 0.6340836882591248, 'disgust': 0.3538697063922882, 'sadness': 0.0066679175943136215, 'fear': 0.002675458090379834, 'pessimism': 0.0015742972027510405, 'anticipation': 0.00043691330938600004, 'optimism': 0.0002219887392129749, 'surprise': 0.0002090149646392092, 'joy': 0.00010531744919717312, 'trust': 9.495656559010968e-05, 'love': 6.072313044569455e-05}",not-hate,0.9949828386306764,"{'not-hate': 0.9949828386306763, 'hate': 0.005017097108066082}",offensive,0.5548575520515442,"{'offensive': 0.5548575520515442, 'non-offensive': 0.4451424479484558}",4.0,Republicans vs democrats,0.47248212,Our cities are being hollowed out because of George Soros funding these radical left-wing district attorneys. There is one guy in this entire country that’s done anything about it: me. They are victimizing innocent people in every corner of this country. It will stop when I get into office.,city hollowed george soros funding radical left wing district attorney guy entire country victimizing innocent people corner country stop office,"[('office', [4, 2]), ('people', [2, 4]), ('funding', [2, 4]), ('country', [2, 4]), ('city', [2, 4]), ('left', [2, 4]), ('entire', [2, 4]), ('guy', [4, 2]), ('attorney', [4]), ('stop', [2, 4]), ('innocent', [2, 4]), ('district', [4]), ('radical', [2, 4]), ('wing', [4, 2]), ('corner', [4]), ('george', [4]), ('soros', [4, 2]), ('hollowed', [2]), ('victimizing', [2])]","[('office', ['Republicans vs democrats', 'War']), ('people', ['War', 'Republicans vs democrats']), ('funding', ['War', 'Republicans vs democrats']), ('country', ['War', 'Republicans vs democrats']), ('city', ['War', 'Republicans vs democrats']), ('left', ['War', 'Republicans vs democrats']), ('entire', ['War', 'Republicans vs democrats']), ('guy', ['Republicans vs democrats', 'War']), ('attorney', ['Republicans vs democrats']), ('stop', ['War', 'Republicans vs democrats']), ('innocent', ['War', 'Republicans vs democrats']), ('district', ['Republicans vs democrats']), ('radical', ['War', 'Republicans vs democrats']), ('wing', ['Republicans vs democrats', 'War']), ('corner', ['Republicans vs democrats']), ('george', ['Republicans vs democrats']), ('soros', ['Republicans vs democrats', 'War']), ('hollowed', ['War']), ('victimizing', ['War'])]"
RonDeSantis,2023-08-11 01:38:53+00:00,2,War,0.5929018,negative,0.8880274295806885,"{'negative': 0.8880274295806885, 'neutral': 0.10422912240028381, 'positive': 0.007743400055915117}",anger,0.5151135921478271,"{'anger': 0.5151135921478271, 'disgust': 0.4216850996017456, 'fear': 0.053104106336832047, 'sadness': 0.005556385964155197, 'pessimism': 0.002024156739935279, 'anticipation': 0.0008426940185017884, 'surprise': 0.0007421434274874628, 'optimism': 0.00043134967563673854, 'trust': 0.00020893337205052376, 'joy': 0.00016599881928414106, 'love': 0.0001255418173968792}",not-hate,0.9803793430328368,"{'not-hate': 0.9803793430328369, 'hate': 0.0196206234395504}",offensive,0.5027998685836792,"{'offensive': 0.5027998685836792, 'non-offensive': 0.4972001612186432}",8.0,Infrastructure/job/energy,0.15336299,"Biden is shamefully caving to Iran’s blackmail and extortion. Rewarding Iran for taking Americans hostage incentivizes more hostage-taking. The $6 billion ransom payment will help Iran build nuclear weapons, support terrorism, oppress the Iranian people, and assist Russia. Biden's appeasement and weakness emboldens Iran to attack us and our allies, and facilitates Iran becoming closer than ever to nuclear weapons. Biden must stop obsessively pursuing disastrous deals that endanger our security. It is time to stand up to Iran with maximum pressure and roll back Iran's malign influence.",biden shamefully caving iran blackmail extortion rewarding iran taking american hostage incentivizes hostage taking billion ransom payment help iran build nuclear weapon support terrorism oppress iranian people assist russia biden  appeasement weakness emboldens iran attack ally facilitates iran closer nuclear weapon biden stop obsessively pursuing disastrous deal endanger security time stand iran maximum pressure roll iran  malign influence,"[('nuclear', [2, 8]), ('russia', [2, 5]), ('security', [1, 2]), ('weapon', [2, 1]), ('american', [2, 1]), ('attack', [2, 5]), ('biden', [2, 1]), ('support', [2, 8]), ('iranian', [2]), ('people', [2, 1]), ('taking', [2, 1]), ('billion', [8, 1]), ('iran', [2, 5]), ('time', [2, 1]), ('build', [8, 1]), ('help', [8, 2]), ('influence', [4, 8]), ('payment', [1, 4]), ('stop', [2, 1]), ('stand', [2, 8]), ('maximum', [8, 5]), ('deal', [2, 1]), ('ally', [2, 8]), ('pressure', [2, 1]), ('roll', [2, 8]), ('terrorism', [2, 5]), ('closer', [1, 5]), ('disastrous', [2, 1]), ('hostage', [2, 1]), ('pursuing', [5]), ('weakness', [2]), ('incentivizes', [8, 1]), ('assist', [4, 7]), ('shamefully', [7, 1]), ('endanger', [8]), ('appeasement', [2]), ('oppress', [3, 2]), ('ransom', [2]), ('extortion', [2, 8]), ('rewarding', [5]), ('blackmail', [8]), ('caving', [2]), ('malign', [8]), ('facilitates', [2]), ('emboldens', [2]), ('obsessively', [2])]","[('nuclear', ['War', 'Infrastructure/job/energy']), ('russia', ['War', 'Border/community/family']), ('security', ['American/economics/health', 'War']), ('weapon', ['War', 'American/economics/health']), ('american', ['War', 'American/economics/health']), ('attack', ['War', 'Border/community/family']), ('biden', ['War', 'American/economics/health']), ('support', ['War', 'Infrastructure/job/energy']), ('iranian', ['War']), ('people', ['War', 'American/economics/health']), ('taking', ['War', 'American/economics/health']), ('billion', ['Infrastructure/job/energy', 'American/economics/health']), ('iran', ['War', 'Border/community/family']), ('time', ['War', 'American/economics/health']), ('build', ['Infrastructure/job/energy', 'American/economics/health']), ('help', ['Infrastructure/job/energy', 'War']), ('influence', ['Republicans vs democrats', 'Infrastructure/job/energy']), ('payment', ['American/economics/health', 'Republicans vs democrats']), ('stop', ['War', 'American/economics/health']), ('stand', ['War', 'Infrastructure/job/energy']), ('maximum', ['Infrastructure/job/energy', 'Border/community/family']), ('deal', ['War', 'American/economics/health']), ('ally', ['War', 'Infrastructure/job/energy']), ('pressure', ['War', 'American/economics/health']), ('roll', ['War', 'Infrastructure/job/energy']), ('terrorism', ['War', 'Border/community/family']), ('closer', ['American/economics/health', 'Border/community/family']), ('disastrous', ['War', 'American/economics/health']), ('hostage', ['War', 'American/economics/health']), ('pursuing', ['Border/community/family']), ('weakness', ['War']), ('incentivizes', ['Infrastructure/job/energy', 'American/economics/health']), ('assist', ['Republicans vs democrats', 'Abortion/rights/guns']), ('shamefully', ['Abortion/rights/guns', 'American/economics/health']), ('endanger', ['Infrastructure/job/energy']), ('appeasement', ['War']), ('oppress', ['News/radio/livestream', 'War']), ('ransom', ['War']), ('extortion', ['War', 'Infrastructure/job/energy']), ('rewarding', ['Border/community/family']), ('blackmail', ['Infrastructure/job/energy']), ('caving', ['War']), ('malign', ['Infrastructure/job/energy']), ('facilitates', ['War']), ('emboldens', ['War']), ('obsessively', ['War'])]"
RonDeSantis,2023-03-21 15:08:28+00:00,2,War,0.56312215,negative,0.6436701416969299,"{'negative': 0.6436701416969299, 'neutral': 0.3359488248825073, 'positive': 0.020381012931466103}",anger,0.5702099204063416,"{'anger': 0.5702099204063416, 'optimism': 0.21596011519432068, 'disgust': 0.12728756666183472, 'joy': 0.04912753775715828, 'anticipation': 0.01686406321823597, 'trust': 0.00645863264799118, 'sadness': 0.005494029726833105, 'pessimism': 0.004156891722232103, 'fear': 0.001736234757117927, 'surprise': 0.001404278795234859, 'love': 0.0013007461093366146}",not-hate,0.9926990866661072,"{'not-hate': 0.9926990866661072, 'hate': 0.007300893776118755}",non-offensive,0.8031480312347412,"{'non-offensive': 0.8031480312347412, 'offensive': 0.19685198366641998}",7.0,Abortion/rights/guns,0.37906432,RT @The Cuban government tried to use the World Baseball Championship for propaganda. They still lost 14-2 to the USA. Freedom wins again.,cuban government tried use world baseball championship propaganda lost usa freedom win,"[('freedom', [7, 2]), ('world', [2, 7]), ('government', [2, 7]), ('lost', [2, 7]), ('tried', [7, 2]), ('use', [2, 7]), ('propaganda', [2]), ('win', [2, 7]), ('cuban', [2]), ('usa', [7]), ('baseball', [2]), ('championship', [7])]","[('freedom', ['Abortion/rights/guns', 'War']), ('world', ['War', 'Abortion/rights/guns']), ('government', ['War', 'Abortion/rights/guns']), ('lost', ['War', 'Abortion/rights/guns']), ('tried', ['Abortion/rights/guns', 'War']), ('use', ['War', 'Abortion/rights/guns']), ('propaganda', ['War']), ('win', ['War', 'Abortion/rights/guns']), ('cuban', ['War']), ('usa', ['Abortion/rights/guns']), ('baseball', ['War']), ('championship', ['Abortion/rights/guns'])]"
RonDeSantis,2023-05-03 21:46:43+00:00,2,War,0.44659188,negative,0.7731398940086365,"{'negative': 0.7731398940086365, 'neutral': 0.21928299963474274, 'positive': 0.007577063981443644}",anger,0.487576425075531,"{'anger': 0.487576425075531, 'disgust': 0.48461323976516724, 'sadness': 0.02036338672041893, 'fear': 0.003951310645788908, 'pessimism': 0.0022224620915949345, 'anticipation': 0.00047234073281288147, 'surprise': 0.0004251222708262503, 'joy': 0.00011267303489148617, 'optimism': 0.00010963533713947982, 'trust': 8.492882625432685e-05, 'love': 6.847881013527513e-05}",not-hate,0.9924591183662416,"{'not-hate': 0.9924591183662415, 'hate': 0.007540839724242687}",non-offensive,0.8397226929664612,"{'non-offensive': 0.8397226929664612, 'offensive': 0.16027727723121643}",1.0,American/economics/health,0.27865452,"RT @ESG represents an attempt to impose an ideological agenda through large financial institutions, rather than through the constitutional process. This end-run around constitutional accountability is bad for the economy and for self-government. https://t.co/qDOTj6JnoV",represents attempt impose ideological agenda large financial institution constitutional process end run constitutional accountability bad economy self government,"[('financial', [1]), ('process', [1, 7]), ('government', [2, 1]), ('end', [2, 1]), ('run', [2, 1]), ('bad', [2, 1]), ('attempt', [7, 2]), ('accountability', [2, 1]), ('constitutional', [7]), ('self', [2, 7]), ('represents', [2, 1]), ('economy', [1, 2]), ('large', [2, 1]), ('agenda', [1, 7]), ('institution', [7, 2]), ('ideological', [2]), ('impose', [2, 1])]","[('financial', ['American/economics/health']), ('process', ['American/economics/health', 'Abortion/rights/guns']), ('government', ['War', 'American/economics/health']), ('end', ['War', 'American/economics/health']), ('run', ['War', 'American/economics/health']), ('bad', ['War', 'American/economics/health']), ('attempt', ['Abortion/rights/guns', 'War']), ('accountability', ['War', 'American/economics/health']), ('constitutional', ['Abortion/rights/guns']), ('self', ['War', 'Abortion/rights/guns']), ('represents', ['War', 'American/economics/health']), ('economy', ['American/economics/health', 'War']), ('large', ['War', 'American/economics/health']), ('agenda', ['American/economics/health', 'Abortion/rights/guns']), ('institution', ['Abortion/rights/guns', 'War']), ('ideological', ['War']), ('impose', ['War', 'American/economics/health'])]"
RonDeSantis,2023-10-19 21:48:55+00:00,2,War,0.4918601,negative,0.8495466709136963,"{'negative': 0.8495466709136963, 'neutral': 0.1418544501066208, 'positive': 0.008598878979682922}",anger,0.6467555165290833,"{'anger': 0.6467555165290833, 'disgust': 0.34523794054985046, 'sadness': 0.0037428748328238726, 'fear': 0.0017880505183711648, 'pessimism': 0.0010878278408199549, 'anticipation': 0.0005813384195789695, 'surprise': 0.00028690227190963924, 'optimism': 0.00021621126506943256, 'joy': 0.00015451230865437537, 'trust': 9.086412319447845e-05, 'love': 5.7957535318564624e-05}",not-hate,0.9143333435058594,"{'not-hate': 0.9143333435058594, 'hate': 0.08566664904356003}",non-offensive,0.7340682148933411,"{'non-offensive': 0.7340682148933411, 'offensive': 0.26593178510665894}",4.0,Republicans vs democrats,0.38296106,We should not be sending one red cent of your money to Hamas. https://t.co/13qtYJE2C5,sending red cent money hamas,"[('hamas', [2, 4]), ('money', [4, 2]), ('sending', [2, 4]), ('red', [2, 4]), ('cent', [4])]","[('hamas', ['War', 'Republicans vs democrats']), ('money', ['Republicans vs democrats', 'War']), ('sending', ['War', 'Republicans vs democrats']), ('red', ['War', 'Republicans vs democrats']), ('cent', ['Republicans vs democrats'])]"
RonDeSantis,2023-10-18 17:40:59+00:00,2,War,0.4732411,negative,0.9108739495277404,"{'negative': 0.9108739495277405, 'neutral': 0.08280113339424133, 'positive': 0.006324946414679289}",anger,0.7117182612419128,"{'anger': 0.7117182612419128, 'disgust': 0.28036224842071533, 'fear': 0.0031502917408943176, 'sadness': 0.0019335659453645349, 'pessimism': 0.0009730947786010802, 'anticipation': 0.0007663372089155018, 'optimism': 0.00042574634426273406, 'surprise': 0.0002664862258825451, 'joy': 0.00016438843158539385, 'trust': 0.00015841425920370966, 'love': 8.110631461022422e-05}",hate,0.97996324300766,"{'hate': 0.9799632430076599, 'not-hate': 0.020036684349179268}",non-offensive,0.8309291005134583,"{'non-offensive': 0.8309291005134583, 'offensive': 0.16907095909118652}",1.0,American/economics/health,0.42150167,Aid to the Gaza Strip is what Biden is prioritizing today? This aid will of course be commandeered by Hamas. No taxpayer dollars should be sent to Gaza. Stop funding jihad!,aid gaza strip biden prioritizing today aid course commandeered hamas taxpayer dollar sent gaza stop funding jihad,"[('biden', [1, 2]), ('today', [1, 7]), ('gaza', [2]), ('hamas', [2]), ('aid', [2, 1]), ('funding', [1, 2]), ('taxpayer', [1]), ('sent', [1]), ('jihad', [2]), ('dollar', [1]), ('stop', [2, 1]), ('course', [2, 1]), ('strip', [7]), ('prioritizing', [1]), ('commandeered', [2])]","[('biden', ['American/economics/health', 'War']), ('today', ['American/economics/health', 'Abortion/rights/guns']), ('gaza', ['War']), ('hamas', ['War']), ('aid', ['War', 'American/economics/health']), ('funding', ['American/economics/health', 'War']), ('taxpayer', ['American/economics/health']), ('sent', ['American/economics/health']), ('jihad', ['War']), ('dollar', ['American/economics/health']), ('stop', ['War', 'American/economics/health']), ('course', ['War', 'American/economics/health']), ('strip', ['Abortion/rights/guns']), ('prioritizing', ['American/economics/health']), ('commandeered', ['War'])]"
RonDeSantis,2023-09-13 18:06:11+00:00,2,War,0.66976166,negative,0.4926111400127411,"{'negative': 0.4926111400127411, 'neutral': 0.41688576340675354, 'positive': 0.09050309658050537}",anger,0.7529482245445251,"{'anger': 0.7529482245445251, 'disgust': 0.21555311977863312, 'optimism': 0.011158128269016743, 'sadness': 0.006958251353353262, 'pessimism': 0.005099886562675238, 'anticipation': 0.004204558674246073, 'trust': 0.001172244199551642, 'fear': 0.001160575426183641, 'joy': 0.0010854790452867746, 'surprise': 0.00041875694296322763, 'love': 0.00024079615832306445}",not-hate,0.991417109966278,"{'not-hate': 0.9914171099662781, 'hate': 0.00858297012746334}",non-offensive,0.6207998991012573,"{'non-offensive': 0.6207998991012573, 'offensive': 0.37920013070106506}",1.0,American/economics/health,0.2676278,"When I’m president, the days of the DC Establishment spending this country into oblivion are over. I’ve had enough of the elites imposing their will on us. Now is the time for We the People to impose OUR will on them. https://t.co/8abcHAUOB6",president day  establishment spending country oblivion elite imposing time people impose,"[('people', [2, 1]), ('spending', [1, 2]), ('day', [1, 2]), ('president', [2, 1]), ('time', [2, 1]), ('country', [2, 1]), ('elite', [2]), ('imposing', [2]), ('establishment', [2]), ('impose', [2, 1]), ('oblivion', [2])]","[('people', ['War', 'American/economics/health']), ('spending', ['American/economics/health', 'War']), ('day', ['American/economics/health', 'War']), ('president', ['War', 'American/economics/health']), ('time', ['War', 'American/economics/health']), ('country', ['War', 'American/economics/health']), ('elite', ['War']), ('imposing', ['War']), ('establishment', ['War']), ('impose', ['War', 'American/economics/health']), ('oblivion', ['War'])]"
RonDeSantis,2023-06-30 15:00:13+00:00,2,War,0.46982795,negative,0.8395587801933289,"{'negative': 0.8395587801933289, 'neutral': 0.14900924265384674, 'positive': 0.011431874707341194}",anger,0.7976998686790466,"{'anger': 0.7976998686790466, 'disgust': 0.19041544198989868, 'optimism': 0.003503518644720316, 'anticipation': 0.002101328456774354, 'joy': 0.0020401470828801394, 'fear': 0.0009213479934260249, 'sadness': 0.0008825273835100234, 'pessimism': 0.0007597511867061257, 'surprise': 0.0007533925236202776, 'trust': 0.0006421742727980018, 'love': 0.0002804309187922627}",not-hate,0.9871614575386048,"{'not-hate': 0.9871614575386047, 'hate': 0.012838564813137054}",offensive,0.5318557620048523,"{'offensive': 0.5318557620048523, 'non-offensive': 0.46814417839050293}",7.0,Abortion/rights/guns,0.19357732,The idea that politicians in New York are focused on going after coal-fired pizza is insane. The Left is obsessed with controlling your behavior. It’s time to restore sanity. https://t.co/y8pvaXY2GF,idea politician york focused going coal fired pizza insane left obsessed controlling behavior time restore sanity,"[('fired', [2, 5]), ('insane', [2, 7]), ('time', [2, 7]), ('going', [2, 8]), ('idea', [2, 8]), ('obsessed', [5]), ('left', [2, 7]), ('politician', [2, 7]), ('york', [5, 8]), ('focused', [8, 5]), ('coal', [8]), ('behavior', [2]), ('restore', [7, 8]), ('controlling', [2, 7]), ('pizza', [7]), ('sanity', [2])]","[('fired', ['War', 'Border/community/family']), ('insane', ['War', 'Abortion/rights/guns']), ('time', ['War', 'Abortion/rights/guns']), ('going', ['War', 'Infrastructure/job/energy']), ('idea', ['War', 'Infrastructure/job/energy']), ('obsessed', ['Border/community/family']), ('left', ['War', 'Abortion/rights/guns']), ('politician', ['War', 'Abortion/rights/guns']), ('york', ['Border/community/family', 'Infrastructure/job/energy']), ('focused', ['Infrastructure/job/energy', 'Border/community/family']), ('coal', ['Infrastructure/job/energy']), ('behavior', ['War']), ('restore', ['Abortion/rights/guns', 'Infrastructure/job/energy']), ('controlling', ['War', 'Abortion/rights/guns']), ('pizza', ['Abortion/rights/guns']), ('sanity', ['War'])]"
RonDeSantis,2023-07-08 22:45:31+00:00,2,War,0.3010925,neutral,0.5110509991645813,"{'neutral': 0.5110509991645813, 'negative': 0.2859663963317871, 'positive': 0.2029826045036316}",anger,0.5103291273117065,"{'anger': 0.5103291273117065, 'disgust': 0.17249131202697754, 'optimism': 0.1648697406053543, 'anticipation': 0.09169243276119232, 'trust': 0.018735816702246666, 'pessimism': 0.015396385453641415, 'fear': 0.011125542223453522, 'sadness': 0.006435065064579248, 'joy': 0.00455642631277442, 'surprise': 0.0033458450343459845, 'love': 0.001022341544739902}",not-hate,0.9953407049179076,"{'not-hate': 0.9953407049179077, 'hate': 0.004659345373511314}",non-offensive,0.6854714751243591,"{'non-offensive': 0.6854714751243591, 'offensive': 0.3145284950733185}",1.0,American/economics/health,0.27198076,"Under Biden, the military has been more concerned with woke ideology than fighting America's enemies. My administration will rip the political agenda out of the military and restore it to its proper glory. https://t.co/lc8b9cveeV",biden military concerned woke ideology fighting america  enemy administration rip political agenda military restore proper glory,"[('biden', [4, 1]), ('military', [7, 1]), ('concerned', [2, 4]), ('administration', [1, 2]), ('political', [4, 2]), ('america', [2, 1]), ('woke', [2, 4]), ('enemy', [2, 4]), ('fighting', [1, 7]), ('ideology', [2, 1]), ('rip', [1, 4]), ('agenda', [1, 2]), ('restore', [7, 1]), ('proper', [4, 1]), ('glory', [4])]","[('biden', ['Republicans vs democrats', 'American/economics/health']), ('military', ['Abortion/rights/guns', 'American/economics/health']), ('concerned', ['War', 'Republicans vs democrats']), ('administration', ['American/economics/health', 'War']), ('political', ['Republicans vs democrats', 'War']), ('america', ['War', 'American/economics/health']), ('woke', ['War', 'Republicans vs democrats']), ('enemy', ['War', 'Republicans vs democrats']), ('fighting', ['American/economics/health', 'Abortion/rights/guns']), ('ideology', ['War', 'American/economics/health']), ('rip', ['American/economics/health', 'Republicans vs democrats']), ('agenda', ['American/economics/health', 'War']), ('restore', ['Abortion/rights/guns', 'American/economics/health']), ('proper', ['Republicans vs democrats', 'American/economics/health']), ('glory', ['Republicans vs democrats'])]"
RonDeSantis,2023-07-12 03:41:55+00:00,2,War,0.39087275,negative,0.8646188378334045,"{'negative': 0.8646188378334045, 'neutral': 0.12912976741790771, 'positive': 0.006251425947993994}",anger,0.7248426675796509,"{'anger': 0.7248426675796509, 'disgust': 0.26865431666374207, 'sadness': 0.004215237684547901, 'pessimism': 0.0006946470821276307, 'fear': 0.0005255406722426414, 'anticipation': 0.00037306026206351817, 'surprise': 0.0002406265411991626, 'joy': 0.0001945422263815999, 'optimism': 0.00011781603825511411, 'trust': 7.294234819710255e-05, 'love': 6.859569839434698e-05}",not-hate,0.992691695690155,"{'not-hate': 0.992691695690155, 'hate': 0.0073083071038126945}",non-offensive,0.5851637125015259,"{'non-offensive': 0.5851637125015259, 'offensive': 0.4148362874984741}",5.0,Border/community/family,0.2929951,"How disrespectful for the U.S. Ambassador to Israel to falsely claim “most Israelis want the United States to be in their business."" Biden meets with dictators of countries such as Venezuela but snubs the democratically elected Israeli Prime Minister Benjamin Netanyahu. This is not how you should treat an ally. https://t.co/LeSqBi6Dlw",disrespectful  ambassador israel falsely claim israeli want united state business biden meet dictator country venezuela snub democratically elected israeli prime minister benjamin netanyahu treat ally,"[('biden', [4, 2]), ('state', [5, 4]), ('united', [5, 2]), ('israel', [2, 5]), ('israeli', [2, 4]), ('claim', [4, 2]), ('country', [5, 2]), ('want', [2, 4]), ('business', [4, 2]), ('minister', [5, 4]), ('elected', [4, 2]), ('venezuela', [5]), ('treat', [5, 2]), ('ally', [2, 5]), ('falsely', [3]), ('benjamin', [2, 3]), ('netanyahu', [4, 3]), ('prime', [5]), ('meet', [5, 4]), ('dictator', [2]), ('ambassador', [5, 4]), ('democratically', [2]), ('disrespectful', [2]), ('snub', [4])]","[('biden', ['Republicans vs democrats', 'War']), ('state', ['Border/community/family', 'Republicans vs democrats']), ('united', ['Border/community/family', 'War']), ('israel', ['War', 'Border/community/family']), ('israeli', ['War', 'Republicans vs democrats']), ('claim', ['Republicans vs democrats', 'War']), ('country', ['Border/community/family', 'War']), ('want', ['War', 'Republicans vs democrats']), ('business', ['Republicans vs democrats', 'War']), ('minister', ['Border/community/family', 'Republicans vs democrats']), ('elected', ['Republicans vs democrats', 'War']), ('venezuela', ['Border/community/family']), ('treat', ['Border/community/family', 'War']), ('ally', ['War', 'Border/community/family']), ('falsely', ['News/radio/livestream']), ('benjamin', ['War', 'News/radio/livestream']), ('netanyahu', ['Republicans vs democrats', 'News/radio/livestream']), ('prime', ['Border/community/family']), ('meet', ['Border/community/family', 'Republicans vs democrats']), ('dictator', ['War']), ('ambassador', ['Border/community/family', 'Republicans vs democrats']), ('democratically', ['War']), ('disrespectful', ['War']), ('snub', ['Republicans vs democrats'])]"
RonDeSantis,2023-07-20 00:50:18+00:00,2,War,0.64675725,neutral,0.4998907148838043,"{'neutral': 0.4998907148838043, 'negative': 0.4156091511249542, 'positive': 0.08450007438659668}",anger,0.5897557735443115,"{'anger': 0.5897557735443115, 'optimism': 0.20573775470256805, 'disgust': 0.12065020948648453, 'anticipation': 0.040019791573286057, 'joy': 0.01928885094821453, 'trust': 0.010370029136538506, 'pessimism': 0.0053537157364189625, 'sadness': 0.0034383106976747513, 'surprise': 0.0025527668185532093, 'fear': 0.001651122816838324, 'love': 0.001181726693175733}",not-hate,0.9983835220336914,"{'not-hate': 0.9983835220336914, 'hate': 0.0016165123088285327}",non-offensive,0.8342839479446411,"{'non-offensive': 0.8342839479446411, 'offensive': 0.1657160520553589}",7.0,Abortion/rights/guns,0.20310569,"When the media attacks you, you’re doing something right. @Jason_Aldean has nothing to apologize for.",medium attack right apologize,"[('attack', [2, 7]), ('medium', [2]), ('right', [7, 2]), ('apologize', [2])]","[('attack', ['War', 'Abortion/rights/guns']), ('medium', ['War']), ('right', ['Abortion/rights/guns', 'War']), ('apologize', ['War'])]"
RonDeSantis,2023-08-24 03:27:08+00:00,2,War,0.87475944,neutral,0.4714228212833404,"{'neutral': 0.47142282128334045, 'positive': 0.39621442556381226, 'negative': 0.13236278295516968}",anger,0.6871592402458191,"{'anger': 0.6871592402458191, 'disgust': 0.16735880076885223, 'optimism': 0.08491063863039017, 'fear': 0.024968259036540985, 'trust': 0.01081209909170866, 'anticipation': 0.008086701855063438, 'pessimism': 0.005404322873800993, 'sadness': 0.004795566201210022, 'joy': 0.0030925527680665255, 'love': 0.0020693200640380383, 'surprise': 0.001342497649602592}",not-hate,0.994099497795105,"{'not-hate': 0.994099497795105, 'hate': 0.00590058509260416}",non-offensive,0.7331387996673584,"{'non-offensive': 0.7331387996673584, 'offensive': 0.2668611705303192}",6.0,Election/debate,0.01790535,"As president, I will never let the Deep State bureaucrats lock you down. https://t.co/SaaCHUzacf",president let deep state bureaucrat lock,"[('state', [2]), ('let', [2]), ('president', [2]), ('lock', [2]), ('deep', [2]), ('bureaucrat', [2])]","[('state', ['War']), ('let', ['War']), ('president', ['War']), ('lock', ['War']), ('deep', ['War']), ('bureaucrat', ['War'])]"
RonDeSantis,2023-03-17 01:08:26+00:00,2,War,0.5162204,neutral,0.5929833054542542,"{'neutral': 0.5929833054542542, 'negative': 0.3914755880832672, 'positive': 0.01554112322628498}",anger,0.546022891998291,"{'anger': 0.546022891998291, 'disgust': 0.43442535400390625, 'sadness': 0.00638562673702836, 'fear': 0.005836674012243748, 'pessimism': 0.003037263872101903, 'anticipation': 0.0023782330099493265, 'surprise': 0.0008701549959369004, 'optimism': 0.0005534690571948886, 'joy': 0.0002238899323856458, 'trust': 0.0002010570460697636, 'love': 6.53761817375198e-05}",not-hate,0.9932652711868286,"{'not-hate': 0.9932652711868286, 'hate': 0.006734675727784634}",non-offensive,0.9133045077323914,"{'non-offensive': 0.9133045077323914, 'offensive': 0.08669551461935043}",5.0,Border/community/family,0.32448268,RT @Remember when so-called public health experts said it was ok to have mass gatherings if you join the BLM protests but that it was not ok to protest lockdowns? https://t.co/o4t0OgN1lM,called public health expert said  mass gathering join blm protest  protest lockdown,"[('said', [2, 5]), ('called', [2, 5]), ('protest', [2]), ('expert', [2, 5]), ('health', [1, 5]), ('mass', [2, 5]), ('public', [5, 1]), ('join', [5, 1]), ('gathering', [5, 2]), ('lockdown', [2, 5]), ('blm', [5])]","[('said', ['War', 'Border/community/family']), ('called', ['War', 'Border/community/family']), ('protest', ['War']), ('expert', ['War', 'Border/community/family']), ('health', ['American/economics/health', 'Border/community/family']), ('mass', ['War', 'Border/community/family']), ('public', ['Border/community/family', 'American/economics/health']), ('join', ['Border/community/family', 'American/economics/health']), ('gathering', ['Border/community/family', 'War']), ('lockdown', ['War', 'Border/community/family']), ('blm', ['Border/community/family'])]"
RonDeSantis,2023-10-20 01:02:52+00:00,2,War,0.43649578,negative,0.5538527369499207,"{'negative': 0.5538527369499207, 'neutral': 0.4067782759666443, 'positive': 0.03936895355582237}",anger,0.6032534837722778,"{'anger': 0.6032534837722778, 'disgust': 0.3361031711101532, 'fear': 0.050719596445560455, 'sadness': 0.0022077448666095734, 'anticipation': 0.0021131965331733227, 'pessimism': 0.0016441581537947059, 'optimism': 0.0016139443032443523, 'surprise': 0.001060422626323998, 'joy': 0.0006111381226219237, 'trust': 0.00046601565554738045, 'love': 0.00020715866412501782}",not-hate,0.9056777954101562,"{'not-hate': 0.9056777954101562, 'hate': 0.09432223439216614}",non-offensive,0.5732770562171936,"{'non-offensive': 0.5732770562171936, 'offensive': 0.4267229735851288}",1.0,American/economics/health,0.23156664,"Biden has given Iran another gift by permitting a set of UN sanctions on Iran to expire even after Iran and its terror proxies orchestrated a heinous attack massacring and kidnapping American and Israeli citizens. UN sanctions on 84 individuals & entities related to Iran’s nuclear/military programs are being lifted along with the missile embargo — legalizing Iran developing missiles and providing drones to Russia — both of which Iran is already violating. America must instead turn the screws on the Mullahs. We must: (1) impose the most crippling sanctions on Iran and its terror proxies in history — which includes immediately snapping back all of the UN sanctions (2) cease all engagement including secret negotiations and deals with Iran (3) stop giving Iran more than $80 billion dollars in lax sanctions enforcement of Iran oil sales (4) revoke sanction waivers and stop giving Iran access to $6 billion in the terrible ransom payment, $10 billion in Iraq, and $6.7 billion from the IMF (5) demand our allies fully designate the IRGC and Hezbollah as a foreign terror organization (6) suspend the security clearance, investigate and hold accountable anyone implicated in the Iran foreign influence operation that has ties to senior Biden Admin officials Beginning on Day 1 when I become President, the days of America appeasing Iran will be over.",biden given iran gift permitting set  sanction iran expire iran terror proxy orchestrated heinous attack massacring kidnapping american israeli citizen  sanction individual entity related iran nuclear military program lifted missile embargo legalizing iran developing missile providing drone russia iran violating america instead turn screw mullah impose crippling sanction iran terror proxy history includes immediately snapping  sanction cease engagement including secret negotiation deal iran stop giving iran billion dollar lax sanction enforcement iran oil sale revoke sanction waiver stop giving iran access billion terrible ransom payment billion iraq billion imf demand ally fully designate irgc hezbollah foreign terror organization suspend security clearance investigate hold accountable implicated iran foreign influence operation tie senior biden admin official beginning day president day america appeasing iran,"[('nuclear', [2, 4]), ('russia', [2, 4]), ('security', [1, 2]), ('american', [1, 2]), ('attack', [2, 4]), ('biden', [4, 2]), ('drone', [5, 8]), ('military', [2, 1]), ('iraq', [2, 5]), ('missile', [2, 5]), ('citizen', [2, 5]), ('official', [4, 1]), ('israeli', [2, 4]), ('senior', [1, 4]), ('america', [2, 1]), ('billion', [1, 2]), ('individual', [1, 2]), ('investigate', [4, 1]), ('day', [5, 1]), ('instead', [2, 1]), ('president', [1, 4]), ('iran', [2, 5]), ('immediately', [4, 1]), ('giving', [2, 1]), ('organization', [5, 4]), ('secret', [4, 2]), ('history', [1, 5]), ('influence', [4, 8]), ('payment', [1, 4]), ('terrible', [2, 4]), ('dollar', [1, 4]), ('including', [1, 4]), ('stop', [2, 1]), ('set', [4, 1]), ('access', [1, 8]), ('program', [1, 8]), ('fully', [1, 2]), ('given', [2, 4]), ('turn', [2, 4]), ('developing', [2, 8]), ('enforcement', [5, 1]), ('hold', [4, 1]), ('deal', [2, 1]), ('beginning', [1, 4]), ('lax', [1, 8]), ('demand', [2, 1]), ('tie', [4, 8]), ('ally', [2, 4]), ('operation', [4, 8]), ('providing', [1, 2]), ('foreign', [2, 4]), ('entity', [4, 8]), ('admin', [1, 4]), ('related', [1, 4]), ('accountable', [1, 4]), ('sanction', [2, 5]), ('violating', [4, 5]), ('oil', [1, 8]), ('negotiation', [1, 8]), ('includes', [1, 8]), ('sale', [1, 2]), ('proxy', [2, 4]), ('kidnapping', [4]), ('crippling', [8, 2]), ('cease', [2, 4]), ('terror', [2, 5]), ('expire', [1, 2]), ('gift', [4, 2]), ('engagement', [5, 1]), ('lifted', [1]), ('irgc', [2]), ('implicated', [4]), ('screw', [1]), ('permitting', [4]), ('waiver', [5]), ('revoke', [2]), ('designate', [1, 6]), ('appeasing', [3]), ('impose', [2, 1]), ('hezbollah', [2]), ('ransom', [2]), ('mullah', [7]), ('orchestrated', [2]), ('legalizing', [8]), ('suspend', [6]), ('imf', [4]), ('snapping', [1]), ('clearance', [2]), ('heinous', [5]), ('embargo', [2]), ('massacring', [2])]","[('nuclear', ['War', 'Republicans vs democrats']), ('russia', ['War', 'Republicans vs democrats']), ('security', ['American/economics/health', 'War']), ('american', ['American/economics/health', 'War']), ('attack', ['War', 'Republicans vs democrats']), ('biden', ['Republicans vs democrats', 'War']), ('drone', ['Border/community/family', 'Infrastructure/job/energy']), ('military', ['War', 'American/economics/health']), ('iraq', ['War', 'Border/community/family']), ('missile', ['War', 'Border/community/family']), ('citizen', ['War', 'Border/community/family']), ('official', ['Republicans vs democrats', 'American/economics/health']), ('israeli', ['War', 'Republicans vs democrats']), ('senior', ['American/economics/health', 'Republicans vs democrats']), ('america', ['War', 'American/economics/health']), ('billion', ['American/economics/health', 'War']), ('individual', ['American/economics/health', 'War']), ('investigate', ['Republicans vs democrats', 'American/economics/health']), ('day', ['Border/community/family', 'American/economics/health']), ('instead', ['War', 'American/economics/health']), ('president', ['American/economics/health', 'Republicans vs democrats']), ('iran', ['War', 'Border/community/family']), ('immediately', ['Republicans vs democrats', 'American/economics/health']), ('giving', ['War', 'American/economics/health']), ('organization', ['Border/community/family', 'Republicans vs democrats']), ('secret', ['Republicans vs democrats', 'War']), ('history', ['American/economics/health', 'Border/community/family']), ('influence', ['Republicans vs democrats', 'Infrastructure/job/energy']), ('payment', ['American/economics/health', 'Republicans vs democrats']), ('terrible', ['War', 'Republicans vs democrats']), ('dollar', ['American/economics/health', 'Republicans vs democrats']), ('including', ['American/economics/health', 'Republicans vs democrats']), ('stop', ['War', 'American/economics/health']), ('set', ['Republicans vs democrats', 'American/economics/health']), ('access', ['American/economics/health', 'Infrastructure/job/energy']), ('program', ['American/economics/health', 'Infrastructure/job/energy']), ('fully', ['American/economics/health', 'War']), ('given', ['War', 'Republicans vs democrats']), ('turn', ['War', 'Republicans vs democrats']), ('developing', ['War', 'Infrastructure/job/energy']), ('enforcement', ['Border/community/family', 'American/economics/health']), ('hold', ['Republicans vs democrats', 'American/economics/health']), ('deal', ['War', 'American/economics/health']), ('beginning', ['American/economics/health', 'Republicans vs democrats']), ('lax', ['American/economics/health', 'Infrastructure/job/energy']), ('demand', ['War', 'American/economics/health']), ('tie', ['Republicans vs democrats', 'Infrastructure/job/energy']), ('ally', ['War', 'Republicans vs democrats']), ('operation', ['Republicans vs democrats', 'Infrastructure/job/energy']), ('providing', ['American/economics/health', 'War']), ('foreign', ['War', 'Republicans vs democrats']), ('entity', ['Republicans vs democrats', 'Infrastructure/job/energy']), ('admin', ['American/economics/health', 'Republicans vs democrats']), ('related', ['American/economics/health', 'Republicans vs democrats']), ('accountable', ['American/economics/health', 'Republicans vs democrats']), ('sanction', ['War', 'Border/community/family']), ('violating', ['Republicans vs democrats', 'Border/community/family']), ('oil', ['American/economics/health', 'Infrastructure/job/energy']), ('negotiation', ['American/economics/health', 'Infrastructure/job/energy']), ('includes', ['American/economics/health', 'Infrastructure/job/energy']), ('sale', ['American/economics/health', 'War']), ('proxy', ['War', 'Republicans vs democrats']), ('kidnapping', ['Republicans vs democrats']), ('crippling', ['Infrastructure/job/energy', 'War']), ('cease', ['War', 'Republicans vs democrats']), ('terror', ['War', 'Border/community/family']), ('expire', ['American/economics/health', 'War']), ('gift', ['Republicans vs democrats', 'War']), ('engagement', ['Border/community/family', 'American/economics/health']), ('lifted', ['American/economics/health']), ('irgc', ['War']), ('implicated', ['Republicans vs democrats']), ('screw', ['American/economics/health']), ('permitting', ['Republicans vs democrats']), ('waiver', ['Border/community/family']), ('revoke', ['War']), ('designate', ['American/economics/health', 'Election/debate']), ('appeasing', ['News/radio/livestream']), ('impose', ['War', 'American/economics/health']), ('hezbollah', ['War']), ('ransom', ['War']), ('mullah', ['Abortion/rights/guns']), ('orchestrated', ['War']), ('legalizing', ['Infrastructure/job/energy']), ('suspend', ['Election/debate']), ('imf', ['Republicans vs democrats']), ('snapping', ['American/economics/health']), ('clearance', ['War']), ('heinous', ['Border/community/family']), ('embargo', ['War']), ('massacring', ['War'])]"
RonDeSantis,2023-09-15 20:29:04+00:00,2,War,0.7262127,negative,0.7204459309577942,"{'negative': 0.7204459309577942, 'neutral': 0.2609918415546417, 'positive': 0.018562249839305878}",anger,0.421310544013977,"{'anger': 0.42131054401397705, 'optimism': 0.39235997200012207, 'disgust': 0.10870511084794998, 'anticipation': 0.0256230179220438, 'trust': 0.018116433173418045, 'pessimism': 0.011616770178079605, 'sadness': 0.009083962067961693, 'joy': 0.006256613880395889, 'fear': 0.0038290563970804214, 'surprise': 0.001780631602741778, 'love': 0.0013179018860682845}",not-hate,0.9961953163146972,"{'not-hate': 0.9961953163146973, 'hate': 0.003804725594818592}",non-offensive,0.6532169580459595,"{'non-offensive': 0.6532169580459595, 'offensive': 0.3467830717563629}",4.0,Republicans vs democrats,0.2237007,"Don’t tell me a man can become a woman. Don’t tell me a man can get pregnant. It’s NOT true, and we cannot root our society in things that are false. The truth will set us free. https://t.co/7CdRC1z0KI",tell man woman tell man pregnant true root society thing false truth set free,"[('man', [2, 4]), ('thing', [2, 4]), ('truth', [2, 4]), ('pregnant', [2]), ('tell', [2, 4]), ('woman', [2, 4]), ('set', [2, 4]), ('free', [2, 4]), ('true', [2, 4]), ('false', [4, 2]), ('root', [2]), ('society', [2])]","[('man', ['War', 'Republicans vs democrats']), ('thing', ['War', 'Republicans vs democrats']), ('truth', ['War', 'Republicans vs democrats']), ('pregnant', ['War']), ('tell', ['War', 'Republicans vs democrats']), ('woman', ['War', 'Republicans vs democrats']), ('set', ['War', 'Republicans vs democrats']), ('free', ['War', 'Republicans vs democrats']), ('true', ['War', 'Republicans vs democrats']), ('false', ['Republicans vs democrats', 'War']), ('root', ['War']), ('society', ['War'])]"
RonDeSantis,2023-10-18 18:43:04+00:00,2,War,0.7360722,negative,0.8323003053665161,"{'negative': 0.8323003053665161, 'neutral': 0.16248555481433868, 'positive': 0.005214196629822254}",fear,0.4740540385246277,"{'fear': 0.4740540385246277, 'anger': 0.26051825284957886, 'disgust': 0.24524632096290588, 'anticipation': 0.005375082138925791, 'sadness': 0.005088234320282936, 'pessimism': 0.004568834323436022, 'optimism': 0.002096656011417508, 'surprise': 0.0015645603416487575, 'trust': 0.000789185578469187, 'joy': 0.00044900362263433635, 'love': 0.0002497876703273505}",not-hate,0.9959579110145568,"{'not-hate': 0.9959579110145569, 'hate': 0.004042029846459627}",non-offensive,0.7816583514213562,"{'non-offensive': 0.7816583514213562, 'offensive': 0.2183416783809662}",1.0,American/economics/health,0.22636576,Protests at U.S. embassies across the Middle East have been fueled by corporate media choosing to pursue a narrative — and taking the word of terrorists. The IDF did not strike that hospital. It was the Palestinian Islamic Jihad. https://t.co/ujSLo9XGbr,protest  embassy middle east fueled corporate medium choosing pursue narrative taking word terrorist idf strike hospital palestinian islamic jihad,"[('east', [2]), ('middle', [1, 2]), ('hospital', [2, 1]), ('medium', [2, 1]), ('strike', [2, 1]), ('terrorist', [2]), ('palestinian', [2]), ('taking', [1, 2]), ('protest', [2]), ('islamic', [2]), ('jihad', [2]), ('embassy', [2]), ('word', [2, 1]), ('narrative', [2]), ('fueled', [1]), ('corporate', [1, 2]), ('pursue', [1]), ('choosing', [2]), ('idf', [2])]","[('east', ['War']), ('middle', ['American/economics/health', 'War']), ('hospital', ['War', 'American/economics/health']), ('medium', ['War', 'American/economics/health']), ('strike', ['War', 'American/economics/health']), ('terrorist', ['War']), ('palestinian', ['War']), ('taking', ['American/economics/health', 'War']), ('protest', ['War']), ('islamic', ['War']), ('jihad', ['War']), ('embassy', ['War']), ('word', ['War', 'American/economics/health']), ('narrative', ['War']), ('fueled', ['American/economics/health']), ('corporate', ['American/economics/health', 'War']), ('pursue', ['American/economics/health']), ('choosing', ['War']), ('idf', ['War'])]"
RonDeSantis,2023-03-17 01:08:28+00:00,2,War,0.49792564,positive,0.9850077629089355,"{'positive': 0.9850077629089355, 'neutral': 0.013216935098171234, 'negative': 0.001775317476131022}",joy,0.955670177936554,"{'joy': 0.955670177936554, 'optimism': 0.024147648364305496, 'love': 0.017275260761380196, 'trust': 0.0009794407524168491, 'anticipation': 0.0006933825789019465, 'surprise': 0.0005975576350465417, 'disgust': 0.00016880415205378085, 'anger': 0.00016628808225505054, 'sadness': 0.0001309339131694287, 'fear': 0.00010416606528451666, 'pessimism': 6.63476312183775e-05}",not-hate,0.998402178287506,"{'not-hate': 0.9984021782875061, 'hate': 0.0015978059964254498}",non-offensive,0.963095724582672,"{'non-offensive': 0.9630957245826721, 'offensive': 0.036904338747262955}",5.0,Border/community/family,0.23400417,RT @GovRonDeSantis: Mason and I enjoyed our time at the World Baseball Classic. Congrats Puerto Rico on your win! https://t.co/1Cof6pSYcx,mason enjoyed time world baseball classic congrats puerto rico win,"[('world', [2, 5]), ('time', [2, 5]), ('win', [6, 2]), ('enjoyed', [6, 5]), ('baseball', [2, 6]), ('congrats', [5, 6]), ('classic', [2]), ('rico', [2]), ('puerto', [2]), ('mason', [5])]","[('world', ['War', 'Border/community/family']), ('time', ['War', 'Border/community/family']), ('win', ['Election/debate', 'War']), ('enjoyed', ['Election/debate', 'Border/community/family']), ('baseball', ['War', 'Election/debate']), ('congrats', ['Border/community/family', 'Election/debate']), ('classic', ['War']), ('rico', ['War']), ('puerto', ['War']), ('mason', ['Border/community/family'])]"
RonDeSantis,2023-05-13 15:11:44+00:00,2,War,0.21142791,positive,0.8967476487159729,"{'positive': 0.8967476487159729, 'neutral': 0.09371811896562576, 'negative': 0.009534223936498165}",optimism,0.9358714818954468,"{'optimism': 0.9358714818954468, 'anger': 0.015419306233525276, 'trust': 0.014395397156476974, 'joy': 0.013502437621355057, 'anticipation': 0.00969515461474657, 'disgust': 0.0038943858817219734, 'fear': 0.0037789985071867704, 'pessimism': 0.0012814695946872234, 'sadness': 0.0008736126474104822, 'love': 0.0007903606165200472, 'surprise': 0.0004974380135536194}",not-hate,0.9983185529708862,"{'not-hate': 0.9983185529708862, 'hate': 0.0016814746195450425}",non-offensive,0.9328341484069824,"{'non-offensive': 0.9328341484069824, 'offensive': 0.06716589629650116}",6.0,Election/debate,0.2038523,"The fight for freedom marches on in Central IL! Thank you to @DarinLaHoodIL, and the huge crowd who joined us, for the opportunity to share a message that matters: freedom works and boldness is rewarded. We understand the threat posed by woke ideology. We fight woke across the board. We fight it in the halls of the legislature, we fight it in the schools. We also fight it in the bureaucracy, and in corporate America. We fight woke because we can't have our society devolve into one where truth is optional and where merit and achievement don't matter. We can never, ever surrender to the woke mob. We've made the state of Florida the place where woke goes to die.",fight freedom march central  thank huge crowd joined opportunity share message matter freedom work boldness rewarded understand threat posed woke ideology fight woke board fight hall legislature fight school fight bureaucracy corporate america fight woke society devolve truth optional merit achievement matter surrender woke mob state florida place woke  die,"[('freedom', [7, 5]), ('state', [6, 7]), ('america', [2, 8]), ('crowd', [6, 2]), ('threat', [2, 7]), ('mob', [4]), ('work', [1, 8]), ('place', [2, 6]), ('truth', [2, 6]), ('woke', [2, 1]), ('fight', [7, 1]), ('rewarded', [2, 1]), ('school', [1, 5]), ('opportunity', [8, 1]), ('florida', [6, 7]), ('message', [6, 2]), ('share', [6, 1]), ('die', [2, 1]), ('thank', [6, 5]), ('ideology', [2, 1]), ('understand', [2, 7]), ('board', [6, 4]), ('matter', [7, 6]), ('society', [2, 7]), ('merit', [7, 2]), ('march', [6, 7]), ('joined', [8, 6]), ('corporate', [1, 4]), ('surrender', [5]), ('huge', [6, 1]), ('hall', [6, 5]), ('central', [6, 8]), ('legislature', [7, 2]), ('posed', [8, 6]), ('achievement', [5, 8]), ('bureaucracy', [1, 4]), ('optional', [6]), ('boldness', [8]), ('devolve', [2, 7])]","[('freedom', ['Abortion/rights/guns', 'Border/community/family']), ('state', ['Election/debate', 'Abortion/rights/guns']), ('america', ['War', 'Infrastructure/job/energy']), ('crowd', ['Election/debate', 'War']), ('threat', ['War', 'Abortion/rights/guns']), ('mob', ['Republicans vs democrats']), ('work', ['American/economics/health', 'Infrastructure/job/energy']), ('place', ['War', 'Election/debate']), ('truth', ['War', 'Election/debate']), ('woke', ['War', 'American/economics/health']), ('fight', ['Abortion/rights/guns', 'American/economics/health']), ('rewarded', ['War', 'American/economics/health']), ('school', ['American/economics/health', 'Border/community/family']), ('opportunity', ['Infrastructure/job/energy', 'American/economics/health']), ('florida', ['Election/debate', 'Abortion/rights/guns']), ('message', ['Election/debate', 'War']), ('share', ['Election/debate', 'American/economics/health']), ('die', ['War', 'American/economics/health']), ('thank', ['Election/debate', 'Border/community/family']), ('ideology', ['War', 'American/economics/health']), ('understand', ['War', 'Abortion/rights/guns']), ('board', ['Election/debate', 'Republicans vs democrats']), ('matter', ['Abortion/rights/guns', 'Election/debate']), ('society', ['War', 'Abortion/rights/guns']), ('merit', ['Abortion/rights/guns', 'War']), ('march', ['Election/debate', 'Abortion/rights/guns']), ('joined', ['Infrastructure/job/energy', 'Election/debate']), ('corporate', ['American/economics/health', 'Republicans vs democrats']), ('surrender', ['Border/community/family']), ('huge', ['Election/debate', 'American/economics/health']), ('hall', ['Election/debate', 'Border/community/family']), ('central', ['Election/debate', 'Infrastructure/job/energy']), ('legislature', ['Abortion/rights/guns', 'War']), ('posed', ['Infrastructure/job/energy', 'Election/debate']), ('achievement', ['Border/community/family', 'Infrastructure/job/energy']), ('bureaucracy', ['American/economics/health', 'Republicans vs democrats']), ('optional', ['Election/debate']), ('boldness', ['Infrastructure/job/energy']), ('devolve', ['War', 'Abortion/rights/guns'])]"
RonDeSantis,2023-05-13 04:32:26+00:00,2,War,0.9618707,positive,0.4943105280399322,"{'positive': 0.49431052803993225, 'neutral': 0.42527589201927185, 'negative': 0.08041364699602127}",optimism,0.4737773537635803,"{'optimism': 0.4737773537635803, 'anger': 0.30758699774742126, 'disgust': 0.0765492171049118, 'fear': 0.040195297449827194, 'trust': 0.03950376436114311, 'anticipation': 0.0372149795293808, 'joy': 0.008485894650220871, 'pessimism': 0.006716202944517136, 'surprise': 0.0035911393351852894, 'sadness': 0.003518657526001334, 'love': 0.002860491396859288}",not-hate,0.9960583448410034,"{'not-hate': 0.9960583448410034, 'hate': 0.003941671922802925}",non-offensive,0.7772119045257568,"{'non-offensive': 0.7772119045257568, 'offensive': 0.22278815507888794}",,,,"We must defeat the Soros-Funded DAs, stop the Left's pro-criminal agenda, and take back the streets for law abiding citizens. We stand with Good Samaritans like Daniel Penny. Let’s show this Marine... America’s got his back. https://t.co/uQXZuT19Mo",defeat soros funded  stop left  pro criminal agenda street law abiding citizen stand good samaritan like daniel penny let marine america got,"[('street', [2]), ('citizen', [2]), ('let', [2]), ('america', [2]), ('law', [2]), ('pro', [2]), ('like', [2]), ('got', [2]), ('good', [2]), ('criminal', [2]), ('left', [2]), ('stop', [2]), ('stand', [2]), ('penny', [2]), ('defeat', [2]), ('agenda', [2]), ('funded', [2]), ('marine', [2]), ('daniel', [2]), ('abiding', [2]), ('soros', [2]), ('samaritan', [2])]","[('street', ['War']), ('citizen', ['War']), ('let', ['War']), ('america', ['War']), ('law', ['War']), ('pro', ['War']), ('like', ['War']), ('got', ['War']), ('good', ['War']), ('criminal', ['War']), ('left', ['War']), ('stop', ['War']), ('stand', ['War']), ('penny', ['War']), ('defeat', ['War']), ('agenda', ['War']), ('funded', ['War']), ('marine', ['War']), ('daniel', ['War']), ('abiding', ['War']), ('soros', ['War']), ('samaritan', ['War'])]"
RonDeSantis,2023-04-28 21:04:54+00:00,2,War,0.2874122,neutral,0.6068095564842224,"{'neutral': 0.6068095564842224, 'positive': 0.3763096332550049, 'negative': 0.01688079535961151}",optimism,0.5421733260154724,"{'optimism': 0.5421733260154724, 'fear': 0.1582939475774765, 'anger': 0.09735072404146194, 'anticipation': 0.061522386968135834, 'trust': 0.059890732169151306, 'disgust': 0.03620149567723274, 'joy': 0.020205799490213394, 'pessimism': 0.007384031545370817, 'love': 0.007036866154521704, 'surprise': 0.006073058117181063, 'sadness': 0.0038676129188388586}",not-hate,0.9989559650421144,"{'not-hate': 0.9989559650421143, 'hate': 0.001043973141349852}",non-offensive,0.8624155521392822,"{'non-offensive': 0.8624155521392822, 'offensive': 0.13758444786071777}",1.0,American/economics/health,0.26630637,RT @I signed legislation in Jerusalem designed to combat antisemitism in Florida. We stand with the Jewish people. https://t.co/jI9bxIkyei,signed legislation jerusalem designed combat antisemitism florida stand jewish people,"[('antisemitism', [7]), ('people', [2, 1]), ('florida', [6, 7]), ('stand', [7, 2]), ('legislation', [1, 7]), ('signed', [1, 7]), ('jewish', [2]), ('combat', [1, 2]), ('designed', [2]), ('jerusalem', [6])]","[('antisemitism', ['Abortion/rights/guns']), ('people', ['War', 'American/economics/health']), ('florida', ['Election/debate', 'Abortion/rights/guns']), ('stand', ['Abortion/rights/guns', 'War']), ('legislation', ['American/economics/health', 'Abortion/rights/guns']), ('signed', ['American/economics/health', 'Abortion/rights/guns']), ('jewish', ['War']), ('combat', ['American/economics/health', 'War']), ('designed', ['War']), ('jerusalem', ['Election/debate'])]"
RonDeSantis,2023-09-08 16:44:39+00:00,2,War,0.9025685,negative,0.4875301718711853,"{'negative': 0.4875301718711853, 'neutral': 0.36095282435417175, 'positive': 0.15151703357696533}",optimism,0.6232607364654541,"{'optimism': 0.6232607364654541, 'anger': 0.1790568083524704, 'trust': 0.050645798444747925, 'disgust': 0.04785175621509552, 'fear': 0.04653443768620491, 'anticipation': 0.024588169530034065, 'pessimism': 0.010821566917002201, 'sadness': 0.006033400073647499, 'joy': 0.005149652250111103, 'love': 0.003646228462457657, 'surprise': 0.002411477966234088}",not-hate,0.9851076006889344,"{'not-hate': 0.9851076006889343, 'hate': 0.014892380684614182}",non-offensive,0.7343704104423523,"{'non-offensive': 0.7343704104423523, 'offensive': 0.2656295895576477}",1.0,American/economics/health,0.01393399,"We can never let COVID authoritarianism take hold in our country ever again. As your President, I will defeat this tyranny — once and for all. https://t.co/nIotxNqbrd",let covid authoritarianism hold country president defeat tyranny,"[('let', [2]), ('president', [2]), ('country', [2]), ('hold', [2]), ('covid', [2]), ('defeat', [2]), ('tyranny', [2]), ('authoritarianism', [2])]","[('let', ['War']), ('president', ['War']), ('country', ['War']), ('hold', ['War']), ('covid', ['War']), ('defeat', ['War']), ('tyranny', ['War']), ('authoritarianism', ['War'])]"
RonDeSantis,2023-09-17 00:20:43+00:00,2,War,0.55348295,negative,0.5429615378379822,"{'negative': 0.5429615378379822, 'neutral': 0.42593833804130554, 'positive': 0.03110017068684101}",optimism,0.6072593927383423,"{'optimism': 0.6072593927383423, 'anger': 0.15076333284378052, 'anticipation': 0.09894023090600967, 'disgust': 0.05737878009676933, 'trust': 0.03793884068727493, 'pessimism': 0.018499309197068214, 'fear': 0.010740662924945354, 'sadness': 0.008240396156907082, 'joy': 0.006124303210526705, 'surprise': 0.0026063830591738224, 'love': 0.001508335117250681}",not-hate,0.9952548742294312,"{'not-hate': 0.9952548742294312, 'hate': 0.004745195619761944}",non-offensive,0.8508509993553162,"{'non-offensive': 0.8508509993553162, 'offensive': 0.14914900064468384}",5.0,Border/community/family,0.23189364,"The Left may say they oppose the establishment of religion, but they are the ones trying to establish a religion — the religion of leftism. If there is a conflict between the Left’s agenda and your faith, they want you to bend the knee. We will not. That is why we must restore full religious liberty in this country — and now is the time to do it. If we don’t, we will lose this battle for all time. As your President, I will not let that happen.",left oppose establishment religion one trying establish religion religion leftism conflict left agenda faith want bend knee restore religious liberty country time lose battle time president let happen,"[('let', [2, 5]), ('president', [2, 5]), ('time', [2, 5]), ('happen', [2, 7]), ('trying', [2, 7]), ('country', [2, 5]), ('left', [2, 7]), ('want', [2, 7]), ('lose', [2, 5]), ('faith', [2, 5]), ('bend', [5]), ('knee', [5]), ('liberty', [7, 5]), ('battle', [5, 7]), ('agenda', [2, 7]), ('oppose', [7, 2]), ('conflict', [2, 5]), ('restore', [7, 5]), ('religious', [2, 7]), ('religion', [2, 5]), ('one', [5, 2]), ('establish', [7, 5]), ('establishment', [2, 5]), ('leftism', [2])]","[('let', ['War', 'Border/community/family']), ('president', ['War', 'Border/community/family']), ('time', ['War', 'Border/community/family']), ('happen', ['War', 'Abortion/rights/guns']), ('trying', ['War', 'Abortion/rights/guns']), ('country', ['War', 'Border/community/family']), ('left', ['War', 'Abortion/rights/guns']), ('want', ['War', 'Abortion/rights/guns']), ('lose', ['War', 'Border/community/family']), ('faith', ['War', 'Border/community/family']), ('bend', ['Border/community/family']), ('knee', ['Border/community/family']), ('liberty', ['Abortion/rights/guns', 'Border/community/family']), ('battle', ['Border/community/family', 'Abortion/rights/guns']), ('agenda', ['War', 'Abortion/rights/guns']), ('oppose', ['Abortion/rights/guns', 'War']), ('conflict', ['War', 'Border/community/family']), ('restore', ['Abortion/rights/guns', 'Border/community/family']), ('religious', ['War', 'Abortion/rights/guns']), ('religion', ['War', 'Border/community/family']), ('one', ['Border/community/family', 'War']), ('establish', ['Abortion/rights/guns', 'Border/community/family']), ('establishment', ['War', 'Border/community/family']), ('leftism', ['War'])]"
RonDeSantis,2023-10-05 01:41:58+00:00,2,War,0.73182946,negative,0.6010100245475769,"{'negative': 0.6010100245475769, 'neutral': 0.35179245471954346, 'positive': 0.047197554260492325}",optimism,0.5773000717163086,"{'optimism': 0.5773000717163086, 'anger': 0.19052982330322266, 'joy': 0.08675450086593628, 'anticipation': 0.067153699696064, 'disgust': 0.0470360666513443, 'trust': 0.016046492382884026, 'pessimism': 0.005216160323470831, 'sadness': 0.004007072653621435, 'surprise': 0.0032564972061663866, 'love': 0.0014700778992846608, 'fear': 0.001229641493409872}",not-hate,0.9976277947425842,"{'not-hate': 0.9976277947425842, 'hate': 0.002372284419834614}",non-offensive,0.8701132535934448,"{'non-offensive': 0.8701132535934448, 'offensive': 0.12988673150539398}",1.0,American/economics/health,0.12230435,"DC politics revolves around rhetoric, virtue signaling, and entertainment. I operate differently, and that’s why we have delivered more on America First policies than anyone. https://t.co/TohG734d1e", politics revolves rhetoric virtue signaling entertainment operate differently delivered america policy,"[('america', [2, 1]), ('policy', [2, 1]), ('politics', [2, 1]), ('signaling', [2]), ('virtue', [2]), ('rhetoric', [2]), ('delivered', [1]), ('differently', [2]), ('operate', [2]), ('entertainment', [3]), ('revolves', [2])]","[('america', ['War', 'American/economics/health']), ('policy', ['War', 'American/economics/health']), ('politics', ['War', 'American/economics/health']), ('signaling', ['War']), ('virtue', ['War']), ('rhetoric', ['War']), ('delivered', ['American/economics/health']), ('differently', ['War']), ('operate', ['War']), ('entertainment', ['News/radio/livestream']), ('revolves', ['War'])]"
RonDeSantis,2023-09-28 03:31:40+00:00,2,War,0.54434925,neutral,0.7280056476593018,"{'neutral': 0.7280056476593018, 'positive': 0.21155257523059845, 'negative': 0.060441769659519196}",optimism,0.7722156047821045,"{'optimism': 0.7722156047821045, 'anticipation': 0.06094012409448624, 'anger': 0.04819037765264511, 'trust': 0.0417759045958519, 'fear': 0.03441450372338295, 'disgust': 0.018856175243854523, 'pessimism': 0.00945855863392353, 'joy': 0.006279589142650366, 'sadness': 0.004594425205141306, 'surprise': 0.0017747445963323116, 'love': 0.0014999263221397996}",not-hate,0.9975305199623108,"{'not-hate': 0.9975305199623108, 'hate': 0.002469477942213416}",non-offensive,0.9297857284545898,"{'non-offensive': 0.9297857284545898, 'offensive': 0.07021419703960419}",5.0,Border/community/family,0.24851145,"As your President, we are going to choose strength — not surrender — when it comes to the Chinese Communist Party. https://t.co/2WwGEOGeu6",president going choose strength surrender come chinese communist party,"[('come', [2, 5]), ('president', [2, 5]), ('going', [2, 5]), ('party', [2, 7]), ('communist', [2, 5]), ('choose', [7]), ('surrender', [5]), ('chinese', [2, 5]), ('strength', [2, 5])]","[('come', ['War', 'Border/community/family']), ('president', ['War', 'Border/community/family']), ('going', ['War', 'Border/community/family']), ('party', ['War', 'Abortion/rights/guns']), ('communist', ['War', 'Border/community/family']), ('choose', ['Abortion/rights/guns']), ('surrender', ['Border/community/family']), ('chinese', ['War', 'Border/community/family']), ('strength', ['War', 'Border/community/family'])]"
RonDeSantis,2023-06-21 01:34:14+00:00,2,War,0.4783182,negative,0.5808910727500916,"{'negative': 0.5808910727500916, 'neutral': 0.3755481541156769, 'positive': 0.04356076568365097}",optimism,0.5353098511695862,"{'optimism': 0.5353098511695862, 'anger': 0.16979745030403137, 'disgust': 0.12410567700862885, 'anticipation': 0.049663133919239044, 'pessimism': 0.040435753762722015, 'sadness': 0.032361917197704315, 'fear': 0.02274911478161812, 'trust': 0.01682855933904648, 'joy': 0.005047157406806946, 'surprise': 0.0026865596882998943, 'love': 0.0010149205336347222}",not-hate,0.9981934428215028,"{'not-hate': 0.9981934428215027, 'hate': 0.001806592452339828}",non-offensive,0.8141313195228577,"{'non-offensive': 0.8141313195228577, 'offensive': 0.18586869537830353}",8.0,Infrastructure/job/energy,0.19308802,Leadership matters. Cities like San Francisco that have embraced leftist policies have destroyed the quality of life of their citizens and sparked an exodus of productive people to greener pastures. We need to restore sanity across this country. https://t.co/LF86omZ1e6,leadership matter city like san francisco embraced leftist policy destroyed quality life citizen sparked exodus productive people greener pasture need restore sanity country,"[('citizen', [2, 5]), ('people', [2, 6]), ('like', [2, 6]), ('need', [2, 8]), ('country', [2, 5]), ('life', [2, 5]), ('city', [2, 5]), ('leadership', [2, 8]), ('policy', [2, 6]), ('san', [6, 8]), ('matter', [2, 6]), ('francisco', [6]), ('destroyed', [2, 8]), ('restore', [8, 5]), ('quality', [8, 6]), ('productive', [8]), ('embraced', [2]), ('sparked', [5]), ('leftist', [2]), ('greener', [2]), ('sanity', [2]), ('exodus', [6]), ('pasture', [2])]","[('citizen', ['War', 'Border/community/family']), ('people', ['War', 'Election/debate']), ('like', ['War', 'Election/debate']), ('need', ['War', 'Infrastructure/job/energy']), ('country', ['War', 'Border/community/family']), ('life', ['War', 'Border/community/family']), ('city', ['War', 'Border/community/family']), ('leadership', ['War', 'Infrastructure/job/energy']), ('policy', ['War', 'Election/debate']), ('san', ['Election/debate', 'Infrastructure/job/energy']), ('matter', ['War', 'Election/debate']), ('francisco', ['Election/debate']), ('destroyed', ['War', 'Infrastructure/job/energy']), ('restore', ['Infrastructure/job/energy', 'Border/community/family']), ('quality', ['Infrastructure/job/energy', 'Election/debate']), ('productive', ['Infrastructure/job/energy']), ('embraced', ['War']), ('sparked', ['Border/community/family']), ('leftist', ['War']), ('greener', ['War']), ('sanity', ['War']), ('exodus', ['Election/debate']), ('pasture', ['War'])]"
