username,date,first_topic,first_topic_name,first_topic_prob,sentiment,sentiment_prob,emotion,emotion_prob,second_topic,second_topic_name,second_topic_prob,text,lemmatized_text,per_word_topics,per_word_topics_name
here_I_go_so,2023-03-06 03:11:51+00:00,2,War,0.48595667,neutral,0.6726110577583313,anger,0.3718194663524627,1.0,American/economics/health,0.1800956,"#DeSantis wrote, “I was adamant that a mask mandate was not an appropriate use of government power.” Yet, his own #Florida Dept. of Health Doctor advised a mask mandate that went on for over 1 yr “I highly recommend that we go forward with the wearing of the masks as mandatory” https://t.co/M8Zfq2SOlL",wrote adamant mask mandate appropriate use government power dept health doctor advised mask mandate went  highly recommend forward wearing mask mandatory,"[('went', [2, 6]), ('power', [2, 4]), ('government', [2, 1]), ('health', [1, 4]), ('use', [2, 1]), ('wrote', [4, 1]), ('forward', [6, 1]), ('mandate', [2, 1]), ('mask', [2, 4]), ('wearing', [2]), ('doctor', [1]), ('advised', [6]), ('highly', [2, 6]), ('mandatory', [3]), ('appropriate', [4, 1]), ('dept', [4]), ('recommend', [2]), ('adamant', [2])]","[('went', ['War', 'Election/debate']), ('power', ['War', 'Republicans vs democrats']), ('government', ['War', 'American/economics/health']), ('health', ['American/economics/health', 'Republicans vs democrats']), ('use', ['War', 'American/economics/health']), ('wrote', ['Republicans vs democrats', 'American/economics/health']), ('forward', ['Election/debate', 'American/economics/health']), ('mandate', ['War', 'American/economics/health']), ('mask', ['War', 'Republicans vs democrats']), ('wearing', ['War']), ('doctor', ['American/economics/health']), ('advised', ['Election/debate']), ('highly', ['War', 'Election/debate']), ('mandatory', ['News/radio/livestream']), ('appropriate', ['Republicans vs democrats', 'American/economics/health']), ('dept', ['Republicans vs democrats']), ('recommend', ['War']), ('adamant', ['War'])]"
JohnDelaney,2023-03-07 05:39:33+00:00,2,War,0.29411116,negative,0.5525835752487183,disgust,0.4367601573467254,5.0,Border/community/family,0.27838624,I like @marwilliamson &amp; @AndrewYang but this is utter fantasy. The notion that @JoeBiden could have done more to help Americans - while never recognizing he's done more than any POTUS of our generation - is to assume that the realities of politics somehow magically disappear!,like utter fantasy notion help american recognizing potus generation assume reality politics magically disappear,"[('american', [1, 5]), ('like', [2, 5]), ('help', [1, 5]), ('generation', [5, 7]), ('politics', [2, 1]), ('recognizing', [7]), ('reality', [1, 5]), ('fantasy', [2, 7]), ('assume', [7, 5]), ('potus', [2, 5]), ('notion', [2, 1]), ('utter', [5]), ('magically', [5]), ('disappear', [1])]","[('american', ['American/economics/health', 'Border/community/family']), ('like', ['War', 'Border/community/family']), ('help', ['American/economics/health', 'Border/community/family']), ('generation', ['Border/community/family', 'Abortion/rights/guns']), ('politics', ['War', 'American/economics/health']), ('recognizing', ['Abortion/rights/guns']), ('reality', ['American/economics/health', 'Border/community/family']), ('fantasy', ['War', 'Abortion/rights/guns']), ('assume', ['Abortion/rights/guns', 'Border/community/family']), ('potus', ['War', 'Border/community/family']), ('notion', ['War', 'American/economics/health']), ('utter', ['Border/community/family']), ('magically', ['Border/community/family']), ('disappear', ['American/economics/health'])]"
TulsiGabbard,2023-03-07 13:03:08+00:00,2,War,0.44381326,negative,0.7156819105148315,anger,0.3511232435703277,7.0,Abortion/rights/guns,0.43149248,"When those in power deny the existence of objective truth, there are no boundaries in our society and the truth becomes whatever those in power want it to be. This is incredibly dangerous when these very same people have the power to force compliance through the power of the law. https://t.co/XhYlNO3FsQ",power deny existence objective truth boundary society truth power want incredibly dangerous people power force compliance power law,"[('force', [7, 2]), ('people', [2, 7]), ('law', [7, 8]), ('power', [2, 7]), ('truth', [2, 7]), ('want', [2, 7]), ('society', [2, 7]), ('objective', [2, 7]), ('compliance', [8]), ('dangerous', [7, 2]), ('deny', [7]), ('existence', [2]), ('incredibly', [7]), ('boundary', [7])]","[('force', ['Abortion/rights/guns', 'War']), ('people', ['War', 'Abortion/rights/guns']), ('law', ['Abortion/rights/guns', 'Infrastructure/job/energy']), ('power', ['War', 'Abortion/rights/guns']), ('truth', ['War', 'Abortion/rights/guns']), ('want', ['War', 'Abortion/rights/guns']), ('society', ['War', 'Abortion/rights/guns']), ('objective', ['War', 'Abortion/rights/guns']), ('compliance', ['Infrastructure/job/energy']), ('dangerous', ['Abortion/rights/guns', 'War']), ('deny', ['Abortion/rights/guns']), ('existence', ['War']), ('incredibly', ['Abortion/rights/guns']), ('boundary', ['Abortion/rights/guns'])]"
WillHurd,2023-03-07 21:11:19+00:00,2,War,0.6840024,negative,0.8507673144340515,anger,0.6930768489837646,5.0,Border/community/family,0.1460268,"5 years later, the Chinese are just exporting the chemicals and letting the cartels mix them. China's gonna China. You can't blame a scorpion for stinging you. Xi is who we think he is. So we need to be a lot smarter. 2/2",year later chinese exporting chemical letting cartel mix china  going china blame scorpion stinging  think need lot smarter,"[('chemical', [8, 5]), ('year', [2, 5]), ('china', [2, 5]), ('going', [2, 5]), ('need', [2, 5]), ('think', [2, 5]), ('lot', [2, 5]), ('later', [5, 8]), ('letting', [2, 5]), ('blame', [2, 5]), ('cartel', [5, 2]), ('chinese', [2, 8]), ('smarter', [2]), ('exporting', [2]), ('mix', [2, 8]), ('scorpion', [2]), ('stinging', [3])]","[('chemical', ['Infrastructure/job/energy', 'Border/community/family']), ('year', ['War', 'Border/community/family']), ('china', ['War', 'Border/community/family']), ('going', ['War', 'Border/community/family']), ('need', ['War', 'Border/community/family']), ('think', ['War', 'Border/community/family']), ('lot', ['War', 'Border/community/family']), ('later', ['Border/community/family', 'Infrastructure/job/energy']), ('letting', ['War', 'Border/community/family']), ('blame', ['War', 'Border/community/family']), ('cartel', ['Border/community/family', 'War']), ('chinese', ['War', 'Infrastructure/job/energy']), ('smarter', ['War']), ('exporting', ['War']), ('mix', ['War', 'Infrastructure/job/energy']), ('scorpion', ['War']), ('stinging', ['News/radio/livestream'])]"
bendreyfuss,2023-03-08 19:04:44+00:00,2,War,0.57241184,neutral,0.4950906336307525,anticipation,0.516052782535553,8.0,Infrastructure/job/energy,0.17890231,"@NateSilver538 Like, is it just impossible that would have had different inputs from everyone else so that it would be a defensible call at that moment?",like impossible different input defensible moment,"[('like', [2, 8]), ('different', [2, 8]), ('moment', [2]), ('impossible', [2]), ('input', [8]), ('defensible', [3])]","[('like', ['War', 'Infrastructure/job/energy']), ('different', ['War', 'Infrastructure/job/energy']), ('moment', ['War']), ('impossible', ['War']), ('input', ['Infrastructure/job/energy']), ('defensible', ['News/radio/livestream'])]"
TulsiGabbard,2023-03-09 01:58:26+00:00,2,War,0.5672886,positive,0.5634369850158691,optimism,0.8516808152198792,5.0,Border/community/family,0.22497618,"If we really want to celebrate #InternationalWomensDay, the most important thing to do is recognize that women exist and are biologically different from men. We as women are not an imaginary construct in someone’s mind. Unless we speak up about this obvious truth, women will be erased as an entire category of people. #IWD2023",want celebrate important thing recognize woman exist biologically different men woman imaginary construct mind speak obvious truth woman erased entire category people,"[('people', [2, 5]), ('different', [2, 5]), ('construct', [2]), ('thing', [2, 5]), ('obvious', [2, 7]), ('truth', [2, 7]), ('mind', [2, 5]), ('important', [5, 7]), ('entire', [2, 5]), ('men', [5, 2]), ('woman', [7, 5]), ('want', [2, 7]), ('celebrate', [5, 7]), ('exist', [2, 5]), ('speak', [2, 7]), ('recognize', [5, 7]), ('category', [2]), ('erased', [3]), ('biologically', [2]), ('imaginary', [2])]","[('people', ['War', 'Border/community/family']), ('different', ['War', 'Border/community/family']), ('construct', ['War']), ('thing', ['War', 'Border/community/family']), ('obvious', ['War', 'Abortion/rights/guns']), ('truth', ['War', 'Abortion/rights/guns']), ('mind', ['War', 'Border/community/family']), ('important', ['Border/community/family', 'Abortion/rights/guns']), ('entire', ['War', 'Border/community/family']), ('men', ['Border/community/family', 'War']), ('woman', ['Abortion/rights/guns', 'Border/community/family']), ('want', ['War', 'Abortion/rights/guns']), ('celebrate', ['Border/community/family', 'Abortion/rights/guns']), ('exist', ['War', 'Border/community/family']), ('speak', ['War', 'Abortion/rights/guns']), ('recognize', ['Border/community/family', 'Abortion/rights/guns']), ('category', ['War']), ('erased', ['News/radio/livestream']), ('biologically', ['War']), ('imaginary', ['War'])]"
alkanomega,2023-03-09 13:54:18+00:00,2,War,0.8747664,neutral,0.5019495487213135,anger,0.4416321218013763,6.0,Election/debate,0.017929595,A classic of political reportage from @nickyotissmith (a #BernieSanders fan) #Trump is far from counted out #USelection2024 https://t.co/ZvOJPxKnmF,classic political reportage fan far counted,"[('political', [2]), ('far', [2]), ('fan', [2]), ('counted', [2]), ('classic', [2]), ('reportage', [2])]","[('political', ['War']), ('far', ['War']), ('fan', ['War']), ('counted', ['War']), ('classic', ['War']), ('reportage', ['War'])]"
RepSherrill,2023-03-10 21:36:02+00:00,2,War,0.82445556,neutral,0.9238157272338868,anticipation,0.5836538672447205,6.0,Election/debate,0.025129499,Read more about Harriet Tubman’s life here: https://t.co/rVGR4o4ZFi,read harriet tubman life,"[('life', [2]), ('read', [2]), ('harriet', [2]), ('tubman', [2])]","[('life', ['War']), ('read', ['War']), ('harriet', ['War']), ('tubman', ['War'])]"
USDA_APHIS,2023-03-10 23:06:00+00:00,2,War,0.6413123,neutral,0.5214125514030457,fear,0.3662010431289673,1.0,American/economics/health,0.16583958,Do your part to stop the spread of African Swine Fever. Don’t pack pork when you travel to the U.S. #StopASF,stop spread african swine fever pack pork travel ,"[('travel', [8, 1]), ('stop', [2, 1]), ('spread', [2, 1]), ('african', [2, 8]), ('pack', [2]), ('pork', [2]), ('fever', [1]), ('swine', [2])]","[('travel', ['Infrastructure/job/energy', 'American/economics/health']), ('stop', ['War', 'American/economics/health']), ('spread', ['War', 'American/economics/health']), ('african', ['War', 'Infrastructure/job/energy']), ('pack', ['War']), ('pork', ['War']), ('fever', ['American/economics/health']), ('swine', ['War'])]"
WillHurd,2023-03-11 19:59:36+00:00,2,War,0.5220362,neutral,0.6385892629623413,optimism,0.3379442095756531,8.0,Infrastructure/job/energy,0.40287575,"Putin has said, ""Whoever becomes a leader in AI will become ruler of the world."" The future of cybersecurity is good AI vs. bad AI.",putin said leader  ruler world future cybersecurity good   bad ,"[('putin', [2]), ('world', [2, 8]), ('said', [2, 8]), ('good', [8, 2]), ('future', [8]), ('bad', [2]), ('leader', [8, 2]), ('cybersecurity', [8]), ('ruler', [2])]","[('putin', ['War']), ('world', ['War', 'Infrastructure/job/energy']), ('said', ['War', 'Infrastructure/job/energy']), ('good', ['Infrastructure/job/energy', 'War']), ('future', ['Infrastructure/job/energy']), ('bad', ['War']), ('leader', ['Infrastructure/job/energy', 'War']), ('cybersecurity', ['Infrastructure/job/energy']), ('ruler', ['War'])]"
DavidSacks,2023-03-12 01:47:26+00:00,2,War,0.4024124,positive,0.6998792290687561,optimism,0.8971060514450073,4.0,Republicans vs democrats,0.39427027,"Startups, don’t panic. There’s absolutely nothing to worry about. The regulators are in complete control of the situation. https://t.co/PPBXwipT52",startup panic absolutely worry regulator complete control situation,"[('situation', [2, 4]), ('control', [2, 4]), ('worry', [4, 2]), ('panic', [2, 4]), ('absolutely', [2, 4]), ('complete', [4, 2]), ('regulator', [4]), ('startup', [1])]","[('situation', ['War', 'Republicans vs democrats']), ('control', ['War', 'Republicans vs democrats']), ('worry', ['Republicans vs democrats', 'War']), ('panic', ['War', 'Republicans vs democrats']), ('absolutely', ['War', 'Republicans vs democrats']), ('complete', ['Republicans vs democrats', 'War']), ('regulator', ['Republicans vs democrats']), ('startup', ['American/economics/health'])]"
AP_Politics,2023-03-13 15:16:01+00:00,2,War,0.5783067,negative,0.7714847326278687,anger,0.6031099557876587,4.0,Republicans vs democrats,0.26510203,The U.S. is seeking to liquidate the property of Russian oligarchs and punish those who help them evade sanctions. It’s part of a new push to inflict financial pain on Vladimir Putin’s country for its ongoing war against Ukraine. https://t.co/DZvuKedGHI, seeking liquidate property russian oligarch punish help evade sanction push inflict financial pain vladimir putin country ongoing war ukraine,"[('putin', [2, 4]), ('war', [2, 4]), ('financial', [4, 8]), ('seeking', [4, 2]), ('ukraine', [2, 4]), ('russian', [2, 4]), ('vladimir', [2]), ('country', [2, 4]), ('help', [8, 2]), ('property', [4, 8]), ('push', [2, 4]), ('evade', [4]), ('ongoing', [4, 8]), ('oligarch', [2, 8]), ('sanction', [2]), ('pain', [2, 4]), ('punish', [2, 4]), ('inflict', [8]), ('liquidate', [2])]","[('putin', ['War', 'Republicans vs democrats']), ('war', ['War', 'Republicans vs democrats']), ('financial', ['Republicans vs democrats', 'Infrastructure/job/energy']), ('seeking', ['Republicans vs democrats', 'War']), ('ukraine', ['War', 'Republicans vs democrats']), ('russian', ['War', 'Republicans vs democrats']), ('vladimir', ['War']), ('country', ['War', 'Republicans vs democrats']), ('help', ['Infrastructure/job/energy', 'War']), ('property', ['Republicans vs democrats', 'Infrastructure/job/energy']), ('push', ['War', 'Republicans vs democrats']), ('evade', ['Republicans vs democrats']), ('ongoing', ['Republicans vs democrats', 'Infrastructure/job/energy']), ('oligarch', ['War', 'Infrastructure/job/energy']), ('sanction', ['War']), ('pain', ['War', 'Republicans vs democrats']), ('punish', ['War', 'Republicans vs democrats']), ('inflict', ['Infrastructure/job/energy']), ('liquidate', ['War'])]"
jonathanvswan,2023-03-14 03:52:50+00:00,2,War,0.4202015,negative,0.5193770527839661,disgust,0.3391693234443664,4.0,Republicans vs democrats,0.34778762,"DeSantis separated himself from Rs who say the problem with Biden’s Ukraine policy is that he’s not doing enough. DeSantis made clear he thinks Biden is doing too much, without a clearly defined objective, and risking war between the U.S. and Russia. https://t.co/lFFyiG76Nl",desantis separated  problem bidens ukraine policy  desantis clear think biden clearly defined objective risking war  russia,"[('russia', [2, 4]), ('biden', [4, 2]), ('war', [2, 4]), ('clear', [2, 4]), ('problem', [4, 2]), ('ukraine', [2, 4]), ('clearly', [2, 4]), ('think', [2, 4]), ('bidens', [4, 2]), ('desantis', [4, 2]), ('policy', [2, 4]), ('defined', [7, 4]), ('objective', [2, 7]), ('risking', [7]), ('separated', [7])]","[('russia', ['War', 'Republicans vs democrats']), ('biden', ['Republicans vs democrats', 'War']), ('war', ['War', 'Republicans vs democrats']), ('clear', ['War', 'Republicans vs democrats']), ('problem', ['Republicans vs democrats', 'War']), ('ukraine', ['War', 'Republicans vs democrats']), ('clearly', ['War', 'Republicans vs democrats']), ('think', ['War', 'Republicans vs democrats']), ('bidens', ['Republicans vs democrats', 'War']), ('desantis', ['Republicans vs democrats', 'War']), ('policy', ['War', 'Republicans vs democrats']), ('defined', ['Abortion/rights/guns', 'Republicans vs democrats']), ('objective', ['War', 'Abortion/rights/guns']), ('risking', ['Abortion/rights/guns']), ('separated', ['Abortion/rights/guns'])]"
GovChristie,2023-03-14 04:53:44+00:00,2,War,0.76893014,negative,0.7100262641906738,fear,0.3883671760559082,1.0,American/economics/health,0.17741254,"Due to their assistance to Russia and China’s recent action in the Middle East, it would be naive to call this anything but Chinese aggression. Our allies and our enemies are watching us.",assistance russia china recent action middle east naive chinese aggression ally enemy watching,"[('russia', [2]), ('east', [2]), ('middle', [1, 2]), ('action', [2, 1]), ('china', [2, 1]), ('enemy', [2]), ('recent', [2, 1]), ('aggression', [2]), ('ally', [2]), ('watching', [2]), ('assistance', [1, 2]), ('chinese', [2]), ('naive', [2])]","[('russia', ['War']), ('east', ['War']), ('middle', ['American/economics/health', 'War']), ('action', ['War', 'American/economics/health']), ('china', ['War', 'American/economics/health']), ('enemy', ['War']), ('recent', ['War', 'American/economics/health']), ('aggression', ['War']), ('ally', ['War']), ('watching', ['War']), ('assistance', ['American/economics/health', 'War']), ('chinese', ['War']), ('naive', ['War'])]"
GovChristie,2023-03-14 04:53:44+00:00,2,War,0.5933456,negative,0.7012118101119995,anger,0.6112959384918213,7.0,Abortion/rights/guns,0.22430909,"It is on us to assist our democratic allies in defending themselves against authoritarian aggression. If we do not this aggression will spread &amp; the void we leave will be filled by authoritarian regimes like China, Iran, North Korea &amp; an empowered Russia if they triumph v Ukraine",assist democratic ally defending authoritarian aggression aggression spread void leave filled authoritarian regime like china iran north korea empowered russia triumph  ukraine,"[('russia', [2, 5]), ('ukraine', [2, 5]), ('like', [2, 5]), ('leave', [2, 7]), ('china', [2, 5]), ('iran', [2]), ('defending', [2, 7]), ('triumph', [7]), ('regime', [2]), ('north', [5, 7]), ('democratic', [2, 7]), ('aggression', [2, 5]), ('ally', [2, 5]), ('spread', [2, 5]), ('authoritarian', [2]), ('korea', [5]), ('filled', [2, 5]), ('empowered', [7]), ('assist', [7]), ('void', [7])]","[('russia', ['War', 'Border/community/family']), ('ukraine', ['War', 'Border/community/family']), ('like', ['War', 'Border/community/family']), ('leave', ['War', 'Abortion/rights/guns']), ('china', ['War', 'Border/community/family']), ('iran', ['War']), ('defending', ['War', 'Abortion/rights/guns']), ('triumph', ['Abortion/rights/guns']), ('regime', ['War']), ('north', ['Border/community/family', 'Abortion/rights/guns']), ('democratic', ['War', 'Abortion/rights/guns']), ('aggression', ['War', 'Border/community/family']), ('ally', ['War', 'Border/community/family']), ('spread', ['War', 'Border/community/family']), ('authoritarian', ['War']), ('korea', ['Border/community/family']), ('filled', ['War', 'Border/community/family']), ('empowered', ['Abortion/rights/guns']), ('assist', ['Abortion/rights/guns']), ('void', ['Abortion/rights/guns'])]"
WillHurd,2023-03-14 18:33:12+00:00,2,War,0.505689,negative,0.6366938948631287,optimism,0.6614459156990051,1.0,American/economics/health,0.29288748,"We live in a complicated, dangerous world. It's not about choosing to do one thing over another thing. It's about being able to do it all at the same time, if we want to keep the quality of life we've enjoyed as Americans since the end of World War II.",live complicated dangerous world choosing thing thing able time want quality life enjoyed american end world war ,"[('american', [1, 2]), ('war', [2, 1]), ('world', [2, 1]), ('able', [1, 6]), ('time', [1, 2]), ('thing', [2, 6]), ('life', [1, 2]), ('end', [2, 1]), ('want', [2, 1]), ('live', [6, 1]), ('enjoyed', [6]), ('dangerous', [2, 1]), ('quality', [1, 6]), ('choosing', [2]), ('complicated', [2, 6])]","[('american', ['American/economics/health', 'War']), ('war', ['War', 'American/economics/health']), ('world', ['War', 'American/economics/health']), ('able', ['American/economics/health', 'Election/debate']), ('time', ['American/economics/health', 'War']), ('thing', ['War', 'Election/debate']), ('life', ['American/economics/health', 'War']), ('end', ['War', 'American/economics/health']), ('want', ['War', 'American/economics/health']), ('live', ['Election/debate', 'American/economics/health']), ('enjoyed', ['Election/debate']), ('dangerous', ['War', 'American/economics/health']), ('quality', ['American/economics/health', 'Election/debate']), ('choosing', ['War']), ('complicated', ['War', 'Election/debate'])]"
SenWarren,2023-03-14 19:37:33+00:00,2,War,0.42036417,neutral,0.5893594622612,anger,0.3499023020267486,1.0,American/economics/health,0.32622162,RT @They warned in 2018 that weakening regulations could lead to failure like SVB. Now Elizabeth Warren and other Democrats want those changes back. https://t.co/dGVOxSQUVv,warned weakening regulation lead failure like svb elizabeth warren democrat want change,"[('failure', [1, 8]), ('lead', [8, 2]), ('like', [2, 1]), ('regulation', [8, 1]), ('want', [2, 1]), ('democrat', [2, 1]), ('change', [1, 2]), ('warned', [2]), ('elizabeth', [2]), ('weakening', [2]), ('svb', [8]), ('warren', [1])]","[('failure', ['American/economics/health', 'Infrastructure/job/energy']), ('lead', ['Infrastructure/job/energy', 'War']), ('like', ['War', 'American/economics/health']), ('regulation', ['Infrastructure/job/energy', 'American/economics/health']), ('want', ['War', 'American/economics/health']), ('democrat', ['War', 'American/economics/health']), ('change', ['American/economics/health', 'War']), ('warned', ['War']), ('elizabeth', ['War']), ('weakening', ['War']), ('svb', ['Infrastructure/job/energy']), ('warren', ['American/economics/health'])]"
jonathanvswan,2023-03-14 23:18:17+00:00,2,War,0.34114325,neutral,0.7741164565086365,anger,0.6179581880569458,6.0,Election/debate,0.28483003,GOP hawks &amp; neocons reacted furiously to DeSantis’s statement about Ukraine. But he &amp; Trump are closer to the average GOP voter than leaders like McConnell who are urging Biden to do more to help Ukraine defend itself against Putin’s invasion. w @maggieNYT https://t.co/njtD1SBAcB,gop hawk neocon reacted furiously desantiss statement ukraine trump closer average gop voter leader like mcconnell urging biden help ukraine defend putin invasion ,"[('putin', [2, 5]), ('biden', [2, 1]), ('statement', [1, 5]), ('ukraine', [2, 5]), ('like', [2, 6]), ('trump', [6, 2]), ('help', [1, 6]), ('urging', [1, 6]), ('gop', [6, 2]), ('average', [1, 6]), ('leader', [5, 6]), ('voter', [6, 2]), ('mcconnell', [6]), ('defend', [2, 5]), ('closer', [1, 6]), ('invasion', [2, 5]), ('hawk', [1]), ('neocon', [2]), ('desantiss', [5]), ('reacted', [2]), ('furiously', [2, 6])]","[('putin', ['War', 'Border/community/family']), ('biden', ['War', 'American/economics/health']), ('statement', ['American/economics/health', 'Border/community/family']), ('ukraine', ['War', 'Border/community/family']), ('like', ['War', 'Election/debate']), ('trump', ['Election/debate', 'War']), ('help', ['American/economics/health', 'Election/debate']), ('urging', ['American/economics/health', 'Election/debate']), ('gop', ['Election/debate', 'War']), ('average', ['American/economics/health', 'Election/debate']), ('leader', ['Border/community/family', 'Election/debate']), ('voter', ['Election/debate', 'War']), ('mcconnell', ['Election/debate']), ('defend', ['War', 'Border/community/family']), ('closer', ['American/economics/health', 'Election/debate']), ('invasion', ['War', 'Border/community/family']), ('hawk', ['American/economics/health']), ('neocon', ['War']), ('desantiss', ['Border/community/family']), ('reacted', ['War']), ('furiously', ['War', 'Election/debate'])]"
maggieNYT,2023-03-14 23:26:04+00:00,2,War,0.85548306,negative,0.7258776426315308,anger,0.7212315201759338,4.0,Republicans vs democrats,0.094348185,"“Weakness is provocative and American officials who advocate this type of weakness are Putin’s greatest weapon."" Liz Cheney on DeSantis comments. @jonathanvswan and me https://t.co/BnkJ4NbkBM",weakness provocative american official advocate type weakness putin greatest weapon liz cheney desantis comment,"[('putin', [2]), ('weapon', [2]), ('american', [2, 4]), ('comment', [2, 4]), ('official', [4, 2]), ('desantis', [2, 4]), ('cheney', [2]), ('greatest', [2, 4]), ('advocate', [2]), ('liz', [2]), ('type', [2, 4]), ('weakness', [2]), ('provocative', [2])]","[('putin', ['War']), ('weapon', ['War']), ('american', ['War', 'Republicans vs democrats']), ('comment', ['War', 'Republicans vs democrats']), ('official', ['Republicans vs democrats', 'War']), ('desantis', ['War', 'Republicans vs democrats']), ('cheney', ['War']), ('greatest', ['War', 'Republicans vs democrats']), ('advocate', ['War']), ('liz', ['War']), ('type', ['War', 'Republicans vs democrats']), ('weakness', ['War']), ('provocative', ['War'])]"
jonathanvswan,2023-03-14 23:26:17+00:00,2,War,0.8352493,negative,0.6700139045715332,anger,0.6844611763954163,4.0,Republicans vs democrats,0.110986225,"RT @“Weakness is provocative and American officials who advocate this type of weakness are Putin’s greatest weapon."" Liz Cheney on DeSantis comments. @jonathanvswan and me https://t.co/BnkJ4NbkBM",provocative american official advocate type weakness putin greatest weapon liz cheney desantis comment,"[('putin', [2]), ('weapon', [2]), ('american', [2, 4]), ('comment', [2, 4]), ('official', [4, 2]), ('desantis', [2, 4]), ('cheney', [2]), ('greatest', [2, 4]), ('advocate', [2]), ('liz', [2]), ('type', [2, 4]), ('weakness', [2]), ('provocative', [2])]","[('putin', ['War']), ('weapon', ['War']), ('american', ['War', 'Republicans vs democrats']), ('comment', ['War', 'Republicans vs democrats']), ('official', ['Republicans vs democrats', 'War']), ('desantis', ['War', 'Republicans vs democrats']), ('cheney', ['War']), ('greatest', ['War', 'Republicans vs democrats']), ('advocate', ['War']), ('liz', ['War']), ('type', ['War', 'Republicans vs democrats']), ('weakness', ['War']), ('provocative', ['War'])]"
peterbakernyt,2023-03-15 00:20:16+00:00,2,War,0.4075828,negative,0.7251479029655457,anger,0.486824482679367,6.0,Election/debate,0.30637354,"Traditional Republicans upbraid DeSantis for declaring that Russia's war against Ukraine was not a national interest for the US. ""The Neville Chamberlain approach to aggression never ends well,"" Graham says. ⁦@jonathanvswan⁩ ⁦@maggieNYT⁩ https://t.co/36Ii2B4JUS",traditional republican upbraid desantis declaring russia  war ukraine national interest neville chamberlain approach aggression end graham say,"[('national', [6, 2]), ('russia', [2]), ('war', [2, 6]), ('interest', [2, 6]), ('ukraine', [2, 6]), ('republican', [6, 2]), ('say', [2, 6]), ('desantis', [6, 2]), ('end', [2, 6]), ('aggression', [2]), ('graham', [3]), ('approach', [6]), ('traditional', [2, 6]), ('declaring', [6, 3]), ('chamberlain', [3]), ('neville', [3]), ('upbraid', [3])]","[('national', ['Election/debate', 'War']), ('russia', ['War']), ('war', ['War', 'Election/debate']), ('interest', ['War', 'Election/debate']), ('ukraine', ['War', 'Election/debate']), ('republican', ['Election/debate', 'War']), ('say', ['War', 'Election/debate']), ('desantis', ['Election/debate', 'War']), ('end', ['War', 'Election/debate']), ('aggression', ['War']), ('graham', ['News/radio/livestream']), ('approach', ['Election/debate']), ('traditional', ['War', 'Election/debate']), ('declaring', ['Election/debate', 'News/radio/livestream']), ('chamberlain', ['News/radio/livestream']), ('neville', ['News/radio/livestream']), ('upbraid', ['News/radio/livestream'])]"
jonathanvswan,2023-03-15 00:57:50+00:00,2,War,0.38991398,negative,0.7017961144447327,anger,0.6184147596359253,6.0,Election/debate,0.30618963,"RT @Traditional Republicans upbraid DeSantis for declaring that Russia's war against Ukraine was not a national interest for the US. ""The Neville Chamberlain approach to aggression never ends well,"" Graham says. ⁦@jonathanvswan⁩ ⁦@maggieNYT⁩ https://t.co/36Ii2B4JUS",republican upbraid desantis declaring russia  war ukraine national interest neville chamberlain approach aggression end graham say,"[('national', [6, 2]), ('russia', [2]), ('war', [2, 6]), ('interest', [2, 6]), ('ukraine', [2, 6]), ('republican', [6, 2]), ('say', [2, 6]), ('desantis', [6, 2]), ('end', [2, 6]), ('aggression', [2]), ('graham', [3]), ('approach', [6]), ('declaring', [6, 3]), ('chamberlain', [3]), ('neville', [3]), ('upbraid', [3])]","[('national', ['Election/debate', 'War']), ('russia', ['War']), ('war', ['War', 'Election/debate']), ('interest', ['War', 'Election/debate']), ('ukraine', ['War', 'Election/debate']), ('republican', ['Election/debate', 'War']), ('say', ['War', 'Election/debate']), ('desantis', ['Election/debate', 'War']), ('end', ['War', 'Election/debate']), ('aggression', ['War']), ('graham', ['News/radio/livestream']), ('approach', ['Election/debate']), ('declaring', ['Election/debate', 'News/radio/livestream']), ('chamberlain', ['News/radio/livestream']), ('neville', ['News/radio/livestream']), ('upbraid', ['News/radio/livestream'])]"
JohnDelaney,2023-03-15 17:44:33+00:00,2,War,0.4120661,negative,0.6061245799064636,anger,0.573451817035675,8.0,Infrastructure/job/energy,0.3240748,One thing I'm not sure the regulators contemplated is SVB now trying to take deposits from other institutions with large uninsured deposit amounts (which they are doing) by saying they are the safest bank in the US for depositors (technically true!) Unintended consequences!,thing sure regulator contemplated svb trying deposit institution large uninsured deposit amount saying safest bank depositor technically true unintended consequence,"[('bank', [8, 1]), ('thing', [2, 1]), ('trying', [2, 1]), ('saying', [2, 1]), ('sure', [8, 1]), ('amount', [2]), ('safest', [2]), ('true', [2, 1]), ('consequence', [2, 1]), ('contemplated', [2, 8]), ('large', [8, 2]), ('institution', [2, 8]), ('deposit', [1]), ('regulator', [8]), ('svb', [8]), ('uninsured', [2]), ('technically', [8]), ('depositor', [8]), ('unintended', [1])]","[('bank', ['Infrastructure/job/energy', 'American/economics/health']), ('thing', ['War', 'American/economics/health']), ('trying', ['War', 'American/economics/health']), ('saying', ['War', 'American/economics/health']), ('sure', ['Infrastructure/job/energy', 'American/economics/health']), ('amount', ['War']), ('safest', ['War']), ('true', ['War', 'American/economics/health']), ('consequence', ['War', 'American/economics/health']), ('contemplated', ['War', 'Infrastructure/job/energy']), ('large', ['Infrastructure/job/energy', 'War']), ('institution', ['War', 'Infrastructure/job/energy']), ('deposit', ['American/economics/health']), ('regulator', ['Infrastructure/job/energy']), ('svb', ['Infrastructure/job/energy']), ('uninsured', ['War']), ('technically', ['Infrastructure/job/energy']), ('depositor', ['Infrastructure/job/energy']), ('unintended', ['American/economics/health'])]"
laurenboebert,2023-03-15 19:01:38+00:00,2,War,0.3676486,negative,0.6421891450881958,anger,0.5102698802947998,5.0,Border/community/family,0.25299302,"Liberals believe men are better at being women than women are. A liberal’s world is a man’s world… oh, the irony!",liberal believe men better woman woman liberal world man world  irony,"[('world', [2, 5]), ('believe', [2, 4]), ('man', [2, 5]), ('liberal', [2, 4]), ('better', [5, 2]), ('men', [5, 2]), ('woman', [7, 5]), ('irony', [4, 5])]","[('world', ['War', 'Border/community/family']), ('believe', ['War', 'Republicans vs democrats']), ('man', ['War', 'Border/community/family']), ('liberal', ['War', 'Republicans vs democrats']), ('better', ['Border/community/family', 'War']), ('men', ['Border/community/family', 'War']), ('woman', ['Abortion/rights/guns', 'Border/community/family']), ('irony', ['Republicans vs democrats', 'Border/community/family'])]"
NateSilver538,2023-03-15 21:53:56+00:00,2,War,0.8055346,negative,0.7061007022857666,anger,0.4148299098014831,4.0,Republicans vs democrats,0.1442627,"The one political/linguistic hill I'm somewhat willing to die on is that I don't think people (or I guess it's really just us Americans) should use ""liberal"" as a synonym for ""left"".",political linguistic hill somewhat willing die think people guess american use liberal synonym left,"[('american', [2, 4]), ('people', [2, 4]), ('political', [2, 4]), ('liberal', [2, 4]), ('think', [2, 4]), ('left', [2, 4]), ('use', [2, 4]), ('guess', [2, 4]), ('somewhat', [4]), ('die', [2]), ('hill', [2, 4]), ('willing', [2, 4]), ('linguistic', [2]), ('synonym', [2])]","[('american', ['War', 'Republicans vs democrats']), ('people', ['War', 'Republicans vs democrats']), ('political', ['War', 'Republicans vs democrats']), ('liberal', ['War', 'Republicans vs democrats']), ('think', ['War', 'Republicans vs democrats']), ('left', ['War', 'Republicans vs democrats']), ('use', ['War', 'Republicans vs democrats']), ('guess', ['War', 'Republicans vs democrats']), ('somewhat', ['Republicans vs democrats']), ('die', ['War']), ('hill', ['War', 'Republicans vs democrats']), ('willing', ['War', 'Republicans vs democrats']), ('linguistic', ['War']), ('synonym', ['War'])]"
seungminkim,2023-03-15 23:58:42+00:00,2,War,0.45501822,negative,0.7614224553108215,sadness,0.4409520328044891,7.0,Abortion/rights/guns,0.27268785,"""There is no burial garden, no one knows where their donations went, and Ogles refuses to say what he did with the money."" https://t.co/mMOjXyolTo",burial garden know donation went ogles refuse money,"[('know', [2, 6]), ('went', [2, 6]), ('money', [2, 6]), ('refuse', [2, 7]), ('donation', [6]), ('garden', [7]), ('burial', [7]), ('ogles', [2])]","[('know', ['War', 'Election/debate']), ('went', ['War', 'Election/debate']), ('money', ['War', 'Election/debate']), ('refuse', ['War', 'Abortion/rights/guns']), ('donation', ['Election/debate']), ('garden', ['Abortion/rights/guns']), ('burial', ['Abortion/rights/guns']), ('ogles', ['War'])]"
